Desk,Team,Special Requirements
A1,Aguamenti,
A2,Aguamenti,
A3,Aguamenti,
A4,Aguamenti,
A5,Aguamenti,
A6,Aguamenti,
A7,Aguamenti,
A8,Colloportus,Standing Desk
A9,Unassigned,
A10,Aparecium,
A11,Aparecium,
A12,Aparecium,
A13,Aparecium,
A14,Aparecium,
A15,Aparecium,
A16,Aparecium,
A17,Aparecium,
A18,Aparecium,
A19,Aparecium,
A20,Aparecium,
A21,Aparecium,
A22,Aparecium,
A23,Aparecium,
A24,Aparecium,
A25,Aparecium,
A26,Aparecium,
A27,Aparecium,
A28,Aparecium,
A29,Aparecium,
A30,Aparecium,
A31,Aparecium,
A32,Aparecium,
A33,Aparecium,
A34,Aparecium,
A35,Aparecium,
A36,Aparecium,
A37,Aparecium,
A38,Aparecium,
A39,Aparecium,
A40,Aparecium,
A41,Aparecium,
A42,Aparecium,
A43,Aparecium,
A44,Aparecium,
A45,Aparecium,
A46,Aparecium,
A47,Aparecium,
A48,Aparecium,
A49,Aparecium,
A50,Aparecium,
A51,Aparecium,
A52,Aparecium,
A53,Aparecium,
A54,Aparecium,
A55,Aparecium,
A56,Aparecium,
A57,Aparecium,
A58,Aparecium,
A59,Aparecium,
A60,Unassigned,
A61,Unassigned,
A62,Unassigned,
A63,Unassigned,
A64,Unassigned,
A65,Confringo,Standing Desk
A66,Confringo,Standing Desk
A67,Confringo,
A68,Confringo,
A69,Confringo,
A70,Confringo,
A71,Confringo,
A72,Confringo,
A73,Confringo,
A74,Confringo,
A75,Confringo,
A76,Confringo,
A77,Confringo,
A78,Confringo,
A79,Confringo,
A80,Confringo,
A81,Confringo,
A82,Confringo,
A83,Confringo,
A84,Confringo,
A85,Deprimo,
A86,Deprimo,
A87,Deprimo,
A88,Deprimo,
A89,Deprimo,
A90,Deprimo,
A91,Deprimo,
A92,Deprimo,
A93,Deprimo,
A94,Deprimo,
A95,Deprimo,
A96,Deprimo,
A97,Deprimo,
A98,Deprimo,
A99,Deprimo,
A100,Deprimo,
A101,Deprimo,
A102,Deprimo,
A103,Deprimo,
A104,Deprimo,
A105,Deprimo,
A106,Deprimo,
A107,Deprimo,
A108,Deprimo,
A109,Deprimo,
A110,Deprimo,
A111,Deprimo,
A112,Deprimo,
A113,Deprimo,
A114,Deprimo,
A115,Deprimo,
A116,Deprimo,
A117,Deprimo,
A118,Deprimo,
A119,Deprimo,
A120,Deprimo,
A121,Deprimo,
A122,Deprimo,
A123,Deprimo,
A124,Deprimo,
A125,Deprimo,
A126,Deprimo,
A127,Deprimo,
A128,Deprimo,
A129,Deprimo,
A130,Deprimo,
A131,Deprimo,
A132,Deprimo,
A133,Deprimo,
A134,Deprimo,
A135,Deprimo,
A136,Deprimo,
A137,Deprimo,
A138,Deprimo,
A139,Deprimo,
A140,Deprimo,
A141,Deprimo,
A142,Deprimo,
A143,Deprimo,
A144,Deprimo,
A145,Deprimo,
A146,Deprimo,
A147,Deprimo,
A148,Deprimo,
A149,Deprimo,
A150,Deprimo,
A151,Deprimo,
A152,Deprimo,
A153,Deprimo,
A154,Deprimo,
A155,Deprimo,
A156,Deprimo,
A157,Deprimo,
A158,Deprimo,
A159,Deprimo,
A160,Deprimo,
A161,Deprimo,
A162,Deprimo,
A163,Deprimo,
A164,Deprimo,
A165,Deprimo,
A166,Deprimo,
A167,Deprimo,
A168,Deprimo,
A169,Deprimo,
A170,Deprimo,
A171,Deprimo,
A172,Deprimo,
A173,Deprimo,
A174,Deprimo,
A175,Deprimo,
A176,Deprimo,
A177,Deprimo,
A178,Deprimo,
A179,Deprimo,
A180,Deprimo,
A181,Deprimo,
A182,Deprimo,
A183,Deprimo,
A184,Deprimo,
A185,Unassigned,
A186,Unassigned,
A187,Unassigned,
A188,Confringo,
A189,Confringo,
A190,Confringo,
A191,Confringo,
A192,Confringo,
A193,Confringo,
A194,Confringo,
A195,Confringo,
A196,Confringo,
A197,Confringo,
A198,Confringo,
A199,Confringo,
A200,Confringo,
A201,Confringo,
A202,Confringo,
A203,Confringo,
A204,Confringo,
A205,Confringo,
A206,Confringo,
A207,Confringo,
A208,Confringo,
A209,Confringo,
A210,Confringo,
A211,Confringo,
A212,Confringo,
A213,Confringo,
A214,Confringo,
A215,Confringo,
A216,Confringo,
A217,Confringo,
A218,Confringo,
A219,Confringo,
A220,Confringo,
A221,Confringo,
A222,Confringo,
A223,Confringo,
A224,Confringo,
A225,Confringo,
A226,Confringo,
A227,Confringo,
A228,Geminio,
A229,Geminio,
A230,Geminio,
A231,Geminio,
A232,Geminio,
A233,Geminio,
A234,Geminio,
A235,Geminio,
A236,Geminio,
A237,Geminio,
A238,Mobilicorpus,
A239,Mobilicorpus,
A240,Mobilicorpus,
A241,Mobilicorpus,
A242,Mobilicorpus,
A243,Mobilicorpus,
A244,Mobilicorpus,
A245,Mobilicorpus,
A246,Mobilicorpus,
A247,Mobilicorpus,
A248,Mobilicorpus,
A249,Mobilicorpus,
A250,Mobilicorpus,
A251,Mobilicorpus,
A252,Mobilicorpus,
A253,Mobilicorpus,
A254,Mobilicorpus,
A255,Mobilicorpus,
A256,Mobilicorpus,
A257,Mobilicorpus,
A258,Mobilicorpus,
A259,Mobilicorpus,
A260,Mobilicorpus,
A261,Mobilicorpus,
A262,Mobilicorpus,
A263,Mobilicorpus,
A264,Mobilicorpus,
A265,Mobilicorpus,
A266,Mobilicorpus,
A267,Mobilicorpus,
A268,Mobilicorpus,
A269,Mobilicorpus,
A270,Mobilicorpus,
A271,Mobilicorpus,
A272,Mobilicorpus,
A273,Mobilicorpus,
A274,Mobilicorpus,
A275,Mobilicorpus,
A276,Mobilicorpus,
A277,Mobilicorpus,
A278,Mobilicorpus,
A279,Confringo,
A280,Confringo,
A281,Confringo,
A282,Confringo,
A283,Confringo,
A284,Confringo,
A285,Confringo,
A286,Confringo,
A287,Confringo,
A288,Confringo,
A289,Confringo,
A290,Confringo,
A291,Confringo,
A292,Confringo,
A293,Confringo,
A294,Confringo,
A295,Confringo,
A296,Confringo,
A297,Confringo,
A298,Confringo,
A299,Anapneo,
A300,Anapneo,
A301,Anapneo,
A302,Anapneo,
A303,Anapneo,
A304,Anapneo,
A305,Anapneo,
A306,Confringo,
A307,Confringo,
A308,Confringo,
A309,Confringo,
A310,Confringo,
A311,Confringo,
A312,Confringo,
A313,Confringo,
A314,Confringo,
A315,Confringo,
A316,Confringo,
A317,Confringo,
A318,Confringo,
A319,Confringo,
A320,Confringo,
A321,Confringo,
A322,Confringo,
A323,Confringo,
A324,Confringo,
A325,Confringo,
A326,Deprimo,
A327,Deprimo,
A328,Deprimo,
A329,Deprimo,
A330,Deprimo,
A331,Deprimo,
A332,Deprimo,
A333,Deprimo,
A334,Deprimo,
A335,Deprimo,
A336,Deprimo,
A337,Deprimo,
A338,Deprimo,
A339,Deprimo,
A340,Deprimo,
A341,Deprimo,
A342,Deprimo,
A343,Deprimo,
A344,Deprimo,
A345,Deprimo,
A346,Deprimo,
A347,Deprimo,
A348,Deprimo,
A349,Deprimo,
A350,Deprimo,
A351,Deprimo,
A352,Deprimo,
A353,Deprimo,
A354,Deprimo,
A355,Deprimo,
A356,Deprimo,
A357,Deprimo,
A358,Deprimo,
A359,Deprimo,
A360,Deprimo,
A361,Deprimo,
A362,Deprimo,
A363,Deprimo,
A364,Deprimo,
A365,Deprimo,
A366,Deprimo,
A367,Deprimo,
A368,Deprimo,
A369,Deprimo,
A370,Deprimo,
A371,Deprimo,
A372,Deprimo,
A373,Deprimo,
A374,Deprimo,
A375,Deprimo,
A376,Deprimo,
A377,Deprimo,
A378,Deprimo,
A379,Deprimo,
A380,Deprimo,
A381,Deprimo,
A382,Deprimo,
A383,Deprimo,
A384,Deprimo,
A385,Deprimo,
A386,Deprimo,
A387,Deprimo,
A388,Deprimo,
A389,Deprimo,
A390,Deprimo,
A391,Deprimo,
A392,Deprimo,
A393,Deprimo,
A394,Deprimo,
A395,Deprimo,
A396,Deprimo,
A397,Deprimo,
A398,Deprimo,
A399,Deprimo,
A400,Deprimo,
A401,Deprimo,
A402,Deprimo,
A403,Deprimo,
A404,Deprimo,
A405,Deprimo,
A406,Deprimo,
A407,Deprimo,
A408,Deprimo,
A409,Deprimo,
A410,Deprimo,
A411,Deprimo,
A412,Deprimo,
A413,Deprimo,
A414,Deprimo,
A415,Deprimo,
A416,Deprimo,
A417,Deprimo,
A418,Deprimo,
A419,Deprimo,
A420,Deprimo,
A421,Deprimo,
A422,Deprimo,
A423,Deprimo,
A424,Deprimo,
A425,Deprimo,
A426,Liberacorpus,
A427,Liberacorpus,
A428,Liberacorpus,
A429,Liberacorpus,
A430,Liberacorpus,
A431,Liberacorpus,
A432,Liberacorpus,
A433,Liberacorpus,
A434,Liberacorpus,
A435,Liberacorpus,
A436,Liberacorpus,
A437,Liberacorpus,
A438,Liberacorpus,
A439,Liberacorpus,
A440,Liberacorpus,
A441,Liberacorpus,
A442,Liberacorpus,
A443,Liberacorpus,
A444,Liberacorpus,
A445,Liberacorpus,
A446,Liberacorpus,
A447,Liberacorpus,
A448,Liberacorpus,
A449,Liberacorpus,
A450,Liberacorpus,
A451,Liberacorpus,
A452,Liberacorpus,
A453,Liberacorpus,
A454,Liberacorpus,
A455,Liberacorpus,
A456,Liberacorpus,
A457,Liberacorpus,
A458,Liberacorpus,
A459,Liberacorpus,
A460,Liberacorpus,
A461,Liberacorpus,
A462,Liberacorpus,
A463,Liberacorpus,
A464,Liberacorpus,
A465,Liberacorpus,
A466,Liberacorpus,
A467,Liberacorpus,
A468,Liberacorpus,
A469,Liberacorpus,
A470,Liberacorpus,
A471,Liberacorpus,
A472,Liberacorpus,
A473,Liberacorpus,
A474,Liberacorpus,
A475,Liberacorpus,
A476,Unassigned,
A477,Confringo,
A478,Confringo,
A479,Confringo,
A480,Confringo,
A481,Confringo,
A482,Confringo,
A483,Confringo,
A484,Confringo,
A485,Confringo,
A486,Confringo,
A487,Confringo,
A488,Confringo,
A489,Confringo,
A490,Confringo,
A491,Confringo,
A492,Confringo,
A493,Confringo,
A494,Confringo,
A495,Confringo,
A496,Confringo,
A497,Confringo,
A498,Confringo,
A499,Confringo,
A500,Confringo,
A501,Confringo,
A502,Confringo,
A503,Confringo,
A504,Confringo,
A505,Confringo,
A506,Confringo,
A507,Confringo,
A508,Confringo,
A509,Confringo,
A510,Confringo,
A511,Confringo,
A512,Confringo,
A513,Confringo,
A514,Confringo,
A515,Confringo,
A516,Confringo,
A517,Confringo,
A518,Confringo,
A519,Confringo,
A520,Confringo,
A521,Confringo,
A522,Confringo,
A523,Confringo,
A524,Confringo,
A525,Confringo,
A526,Confringo,
A527,Confringo,
A528,Confringo,
A529,Confringo,
A530,Confringo,
A531,Confringo,
A532,Confringo,
A533,Confringo,
A534,Confringo,
A535,Confringo,
A536,Confringo,
A537,Liberacorpus,
A538,Liberacorpus,
A539,Liberacorpus,
A540,Liberacorpus,
A541,Liberacorpus,
A542,Liberacorpus,
A543,Liberacorpus,
A544,Liberacorpus,
A545,Liberacorpus,
A546,Liberacorpus,
A547,Liberacorpus,
A548,Liberacorpus,
A549,Liberacorpus,
A550,Liberacorpus,
A551,Liberacorpus,
A552,Liberacorpus,
A553,Liberacorpus,
A554,Liberacorpus,
A555,Liberacorpus,
A556,Liberacorpus,
A557,Liberacorpus,
A558,Liberacorpus,
A559,Liberacorpus,
A560,Liberacorpus,
A561,Liberacorpus,
A562,Liberacorpus,
A563,Liberacorpus,
A564,Liberacorpus,
A565,Liberacorpus,
A566,Liberacorpus,
A567,Liberacorpus,
A568,Liberacorpus,
A569,Liberacorpus,
A570,Liberacorpus,
A571,Liberacorpus,
A572,Liberacorpus,
A573,Liberacorpus,
A574,Liberacorpus,
A575,Liberacorpus,
A576,Liberacorpus,
A577,Liberacorpus,
A578,Liberacorpus,
A579,Liberacorpus,
A580,Liberacorpus,
A581,Liberacorpus,
A582,Liberacorpus,
A583,Liberacorpus,
A584,Liberacorpus,
A585,Liberacorpus,
A586,Liberacorpus,
A587,Liberacorpus,
A588,Liberacorpus,
A589,Liberacorpus,
A590,Liberacorpus,
A591,Liberacorpus,
A592,Liberacorpus,
A593,Liberacorpus,
A594,Liberacorpus,
A595,Liberacorpus,
A596,Liberacorpus,
A597,Liberacorpus,
A598,Liberacorpus,
A599,Liberacorpus,
A600,Liberacorpus,
A601,Liberacorpus,
A602,Liberacorpus,
A603,Liberacorpus,
A604,Liberacorpus,
A605,Liberacorpus,
A606,Liberacorpus,
A607,Liberacorpus,
A608,Liberacorpus,
A609,Liberacorpus,
A610,Liberacorpus,
A611,Liberacorpus,
A612,Liberacorpus,
A613,Liberacorpus,
A614,Liberacorpus,
A615,Liberacorpus,
A616,Liberacorpus,
A617,Liberacorpus,
A618,Liberacorpus,
A619,Liberacorpus,
A620,Liberacorpus,
A621,Liberacorpus,
A622,Liberacorpus,
A623,Liberacorpus,
A624,Liberacorpus,
A625,Liberacorpus,
A626,Liberacorpus,
A627,Liberacorpus,
A628,Liberacorpus,
A629,Liberacorpus,
A630,Liberacorpus,
A631,Liberacorpus,
A632,Liberacorpus,
A633,Liberacorpus,
A634,Liberacorpus,
A635,Liberacorpus,
A636,Liberacorpus,
A637,Liberacorpus,
A638,Liberacorpus,
A639,Liberacorpus,
A640,Liberacorpus,
A641,Liberacorpus,
A642,Liberacorpus,
A643,Liberacorpus,
A644,Mobilicorpus,
A645,Mobilicorpus,
A646,Mobilicorpus,
A647,Mobilicorpus,
A648,Mobilicorpus,
A649,Mobilicorpus,
A650,Mobilicorpus,
A651,Mobilicorpus,
A652,Mobilicorpus,
A653,Mobilicorpus,
A654,Mobilicorpus,
A655,Mobilicorpus,
A656,Mobilicorpus,
A657,Mobilicorpus,
A658,Mobilicorpus,
A659,Mobilicorpus,
A660,Mobilicorpus,
A661,Mobilicorpus,
A662,Mobilicorpus,
A663,Mobilicorpus,
A664,Mobilicorpus,
A665,Mobilicorpus,
A666,Mobilicorpus,
A667,Mobilicorpus,
A668,Mobilicorpus,
A669,Mobilicorpus,
A670,Mobilicorpus,
A671,Mobilicorpus,
A672,Mobilicorpus,
A673,Mobilicorpus,
A674,Mobilicorpus,
A675,Mobilicorpus,
A676,Mobilicorpus,
A677,Mobilicorpus,
A678,Mobilicorpus,
A679,Mobilicorpus,
A680,Mobilicorpus,
A681,Mobilicorpus,
A682,Mobilicorpus,
A683,Mobilicorpus,
A684,Mobilicorpus,
A685,Mobilicorpus,
A686,Mobilicorpus,
A687,Mobilicorpus,
A688,Mobilicorpus,
A689,Mobilicorpus,
A690,Mobilicorpus,
A691,Mobilicorpus,
A692,Mobilicorpus,
A693,Mobilicorpus,
A694,Mobilicorpus,
A695,Mobilicorpus,
A696,Mobilicorpus,
A697,Mobilicorpus,
A698,Mobilicorpus,
A699,Mobilicorpus,
A700,Mobilicorpus,
A701,Mobilicorpus,
A702,Mobilicorpus,
A703,Mobilicorpus,
A704,Mobilicorpus,
A705,Mobilicorpus,
A706,Mobilicorpus,
A707,Mobilicorpus,
A708,Mobilicorpus,
A709,Mobilicorpus,
A710,Mobilicorpus,
A711,Mobilicorpus,
A712,Mobilicorpus,
A713,Mobilicorpus,
A714,Mobilicorpus,
A715,Mobilicorpus,
A716,Mobilicorpus,
A717,Mobilicorpus,
A718,Mobilicorpus,
A719,Mobilicorpus,
A720,Mobilicorpus,
A721,Mobilicorpus,
A722,Mobilicorpus,
A723,Mobilicorpus,
A724,Mobilicorpus,
A725,Mobilicorpus,
A726,Mobilicorpus,
A727,Mobilicorpus,
A728,Mobilicorpus,
A729,Mobilicorpus,
A730,Mobilicorpus,
A731,Mobilicorpus,
A732,Mobilicorpus,
A733,Mobilicorpus,
A734,Mobilicorpus,
A735,Mobilicorpus,
A736,Mobilicorpus,
A737,Mobilicorpus,
A738,Mobilicorpus,
A739,Mobilicorpus,
A740,Mobilicorpus,
A741,Mobilicorpus,
A742,Confringo,
A743,Confringo,
A744,Confringo,
A745,Confringo,
A746,Confringo,
A747,Confringo,
A748,Confringo,
A749,Confringo,
A750,Confringo,
A751,Confringo,
A752,Confringo,
A753,Confringo,
A754,Confringo,
A755,Confringo,
A756,Confringo,
A757,Confringo,
A758,Confringo,
A759,Confringo,
A760,Confringo,
A761,Confringo,
A762,Confringo,
A763,Confringo,
A764,Confringo,
A765,Confringo,
A766,Confringo,
A767,Confringo,
A768,Confringo,
A769,Confringo,
A770,Confringo,
A771,Confringo,
A772,Confringo,
A773,Confringo,
A774,Confringo,
A775,Confringo,
A776,Confringo,
A777,Confringo,
A778,Confringo,
A779,Confringo,
A780,Confringo,
A781,Confringo,
A782,Liberacorpus,
A783,Liberacorpus,
A784,Liberacorpus,
A785,Liberacorpus,
A786,Liberacorpus,
A787,Liberacorpus,
A788,Liberacorpus,
A789,Liberacorpus,
A790,Liberacorpus,
A791,Liberacorpus,
A792,Liberacorpus,
A793,Liberacorpus,
A794,Liberacorpus,
A795,Liberacorpus,
A796,Liberacorpus,
A797,Liberacorpus,
A798,Liberacorpus,
A799,Liberacorpus,
A800,Liberacorpus,
A801,Liberacorpus,
A802,Liberacorpus,
A803,Liberacorpus,
A804,Liberacorpus,
A805,Liberacorpus,
A806,Liberacorpus,
A807,Liberacorpus,
A808,Liberacorpus,
A809,Liberacorpus,
A810,Defodio,
A811,Defodio,
A812,Defodio,
A813,Defodio,
A814,Defodio,
A815,Defodio,
A816,Defodio,
A817,Defodio,
A818,Defodio,
A819,Defodio,
A820,Defodio,
A821,Defodio,
A822,Defodio,Standing Desk
A823,Defodio,
A824,Defodio,
A825,Defodio,
A826,Defodio,
A827,Defodio,
A828,Defodio,
A829,Defodio,
A830,Defodio,
A831,Defodio,
A832,Defodio,
A833,Defodio,
A834,Defodio,
A835,Defodio,
A836,Defodio,
A837,Defodio,
A838,Defodio,
A839,Defodio,
A840,Defodio,
A841,Defodio,
A842,Defodio,
A843,Defodio,
A844,Defodio,
A845,Defodio,
A846,Defodio,
A847,Defodio,
A848,Defodio,
A849,Defodio,
A850,Defodio,
A851,Defodio,
A852,Defodio,
A853,Defodio,
A854,Defodio,
A855,Defodio,
A856,Defodio,
A857,Defodio,
A858,Defodio,
A859,Defodio,
A860,Defodio,
A861,Defodio,
A862,Defodio,
A863,Defodio,
A864,Defodio,
A865,Defodio,
A866,Defodio,
A867,Defodio,
A868,Defodio,
A869,Defodio,
A870,Defodio,
A871,Defodio,
A872,Defodio,
A873,Defodio,
A874,Defodio,
A875,Defodio,
A876,Defodio,
A877,Defodio,
A878,Defodio,
A879,Defodio,
A880,Defodio,
A881,Defodio,
A882,Defodio,
A883,Defodio,
A884,Defodio,
A885,Defodio,
A886,Defodio,
A887,Defodio,
A888,Defodio,
A889,Defodio,
A890,Defodio,
A891,Liberacorpus,
A892,Liberacorpus,
A893,Liberacorpus,
A894,Liberacorpus,
A895,Liberacorpus,
A896,Liberacorpus,
A897,Liberacorpus,
A898,Liberacorpus,
A899,Liberacorpus,
A900,Liberacorpus,
A901,Liberacorpus,
A902,Liberacorpus,
A903,Liberacorpus,
A904,Liberacorpus,
A905,Liberacorpus,
A906,Liberacorpus,
A907,Liberacorpus,
A908,Liberacorpus,
A909,Liberacorpus,
A910,Liberacorpus,
A911,Liberacorpus,
A912,Liberacorpus,
A913,Liberacorpus,
A914,Liberacorpus,
A915,Liberacorpus,
A916,Liberacorpus,
A917,Liberacorpus,
A918,Liberacorpus,
A919,Liberacorpus,
A920,Liberacorpus,
A921,Liberacorpus,
A922,Liberacorpus,
A923,Liberacorpus,Ergonomic Chair
A924,Liberacorpus,
A925,Liberacorpus,
A926,Liberacorpus,
A927,Liberacorpus,
A928,Liberacorpus,
A929,Liberacorpus,
A930,Liberacorpus,
A931,Liberacorpus,
A932,Liberacorpus,
A933,Liberacorpus,Ergonomic Chair
A934,Liberacorpus,
A935,Liberacorpus,
A936,Liberacorpus,
A937,Liberacorpus,
A938,Liberacorpus,
A939,Liberacorpus,
A940,Liberacorpus,
A941,Liberacorpus,
A942,Liberacorpus,
A943,Liberacorpus,
A944,Liberacorpus,
A945,Liberacorpus,
A946,Liberacorpus,
A947,Liberacorpus,
A948,Liberacorpus,
A949,Liberacorpus,
A950,Liberacorpus,
A951,Liberacorpus,
A952,Liberacorpus,
A953,Liberacorpus,
A954,Liberacorpus,
A955,Liberacorpus,
A956,Liberacorpus,
A957,Liberacorpus,
A958,Liberacorpus,
A959,Liberacorpus,
A960,Liberacorpus,
A961,Liberacorpus,
A962,Liberacorpus,
A963,Liberacorpus,
A964,Liberacorpus,
A965,Liberacorpus,
A966,Liberacorpus,
A967,Liberacorpus,
A968,Liberacorpus,
A969,Liberacorpus,
A970,Liberacorpus,
A971,Liberacorpus,
A972,Liberacorpus,
A973,Liberacorpus,
A974,Liberacorpus,
A975,Liberacorpus,
A976,Liberacorpus,
A977,Liberacorpus,
A978,Liberacorpus,
A979,Liberacorpus,
A980,Liberacorpus,
A981,Liberacorpus,
A982,Liberacorpus,
A983,Liberacorpus,
A984,Liberacorpus,
A985,Liberacorpus,
A986,Liberacorpus,
A987,Liberacorpus,Ergonomic Chair
A988,Liberacorpus,
A989,Liberacorpus,
A990,Liberacorpus,
A991,Liberacorpus,Ergonomic Chair
A992,Liberacorpus,
A993,Liberacorpus,
A994,Liberacorpus,
A995,Liberacorpus,
A996,Locomotor Mortis,
A997,Locomotor Mortis,
A998,Locomotor Mortis,
A999,Locomotor Mortis,
A1000,Locomotor Mortis,
A1001,Locomotor Mortis,
A1002,Locomotor Mortis,
A1003,Locomotor Mortis,
A1004,Locomotor Mortis,
A1005,Locomotor Mortis,
A1006,Locomotor Mortis,Standing Desk
A1007,Locomotor Mortis,
A1008,Locomotor Mortis,
A1009,Locomotor Mortis,
A1010,Locomotor Mortis,
A1011,Locomotor Mortis,
A1012,Locomotor Mortis,
A1013,Locomotor Mortis,
A1014,Locomotor Mortis,
A1015,Locomotor Mortis,
A1016,Locomotor Mortis,
A1017,Locomotor Mortis,
A1018,Locomotor Mortis,
A1019,Locomotor Mortis,
A1020,Locomotor Mortis,
A1021,Locomotor Mortis,
A1022,Locomotor Mortis,
A1023,Locomotor Mortis,
A1024,Locomotor Mortis,
A1025,Locomotor Mortis,
A1026,Locomotor Mortis,
A1027,Locomotor Mortis,
A1028,Locomotor Mortis,
A1029,Locomotor Mortis,
A1030,Locomotor Mortis,
A1031,Locomotor Mortis,
A1032,Locomotor Mortis,
A1033,Locomotor Mortis,
A1034,Locomotor Mortis,
A1035,Locomotor Mortis,
A1036,Locomotor Mortis,
A1037,Locomotor Mortis,
A1038,Locomotor Mortis,
A1039,Locomotor Mortis,
A1040,Locomotor Mortis,
A1041,Locomotor Mortis,
A1042,Locomotor Mortis,
A1043,Locomotor Mortis,
A1044,Locomotor Mortis,
A1045,Locomotor Mortis,
A1046,Locomotor Mortis,Standing Desk
A1047,Locomotor Mortis,
A1048,Locomotor Mortis,
A1049,Locomotor Mortis,
A1050,Locomotor Mortis,
A1051,Mobilicorpus,
A1052,Mobilicorpus,
A1053,Mobilicorpus,
A1054,Mobilicorpus,
A1055,Mobilicorpus,
A1056,Mobilicorpus,
A1057,Mobilicorpus,
A1058,Mobilicorpus,
A1059,Mobilicorpus,
A1060,Mobilicorpus,
A1061,Mobilicorpus,
A1062,Mobilicorpus,
A1063,Mobilicorpus,
A1064,Mobilicorpus,
A1065,Mobilicorpus,
A1066,Mobilicorpus,
A1067,Mobilicorpus,
A1068,Mobilicorpus,
A1069,Mobilicorpus,
A1070,Mobilicorpus,
A1071,Mobilicorpus,
A1072,Mobilicorpus,
A1073,Mobilicorpus,
A1074,Mobilicorpus,
A1075,Mobilicorpus,
A1076,Mobilicorpus,
A1077,Mobilicorpus,
A1078,Mobilicorpus,
A1079,Mobilicorpus,
A1080,Mobilicorpus,
A1081,Mobilicorpus,
A1082,Mobilicorpus,
A1083,Mobilicorpus,
A1084,Mobilicorpus,
A1085,Mobilicorpus,
A1086,Mobilicorpus,
A1087,Mobilicorpus,
A1088,Mobilicorpus,
A1089,Mobilicorpus,
A1090,Mobilicorpus,
A1091,Mobilicorpus,
A1092,Mobilicorpus,
A1093,Mobilicorpus,
A1094,Mobilicorpus,
A1095,Mobilicorpus,
A1096,Mobilicorpus,
A1097,Mobilicorpus,
A1098,Avada Kedavra,
A1099,Avada Kedavra,
A1100,Avada Kedavra,
A1101,Avada Kedavra,
A1102,Avada Kedavra,Near Window
A1103,Meteolojinx Recanto,Near Window
A1104,Meteolojinx Recanto,Near Window
A1105,Meteolojinx Recanto,Near Window
A1106,Meteolojinx Recanto,
A1107,Meteolojinx Recanto,
A1108,Meteolojinx Recanto,
A1109,Meteolojinx Recanto,
A1110,Meteolojinx Recanto,
A1111,Meteolojinx Recanto,
A1112,Meteolojinx Recanto,
A1113,Meteolojinx Recanto,
A1114,Meteolojinx Recanto,
A1115,Meteolojinx Recanto,
A1116,Meteolojinx Recanto,
A1117,Meteolojinx Recanto,
A1118,Meteolojinx Recanto,
A1119,Meteolojinx Recanto,
A1120,Meteolojinx Recanto,
A1121,Meteolojinx Recanto,
A1122,Meteolojinx Recanto,
A1123,Meteolojinx Recanto,
A1124,Meteolojinx Recanto,
A1125,Meteolojinx Recanto,
A1126,Meteolojinx Recanto,
A1127,Meteolojinx Recanto,
A1128,Meteolojinx Recanto,
A1129,Meteolojinx Recanto,
A1130,Meteolojinx Recanto,
A1131,Meteolojinx Recanto,
A1132,Meteolojinx Recanto,
A1133,Meteolojinx Recanto,
A1134,Meteolojinx Recanto,
A1135,Meteolojinx Recanto,
A1136,Meteolojinx Recanto,
A1137,Meteolojinx Recanto,
A1138,Meteolojinx Recanto,
A1139,Meteolojinx Recanto,
A1140,Meteolojinx Recanto,
A1141,Meteolojinx Recanto,
A1142,Meteolojinx Recanto,
A1143,Meteolojinx Recanto,
A1144,Meteolojinx Recanto,
A1145,Meteolojinx Recanto,
A1146,Meteolojinx Recanto,
A1147,Meteolojinx Recanto,
A1148,Meteolojinx Recanto,
A1149,Meteolojinx Recanto,
A1150,Meteolojinx Recanto,
A1151,Meteolojinx Recanto,
A1152,Meteolojinx Recanto,
A1153,Meteolojinx Recanto,
A1154,Meteolojinx Recanto,
A1155,Meteolojinx Recanto,
A1156,Meteolojinx Recanto,
A1157,Meteolojinx Recanto,
A1158,Meteolojinx Recanto,
A1159,Meteolojinx Recanto,
A1160,Meteolojinx Recanto,
A1161,Meteolojinx Recanto,
A1162,Meteolojinx Recanto,
A1163,Meteolojinx Recanto,
A1164,Meteolojinx Recanto,
A1165,Meteolojinx Recanto,
A1166,Meteolojinx Recanto,
A1167,Meteolojinx Recanto,
A1168,Meteolojinx Recanto,
A1169,Meteolojinx Recanto,
A1170,Meteolojinx Recanto,
A1171,Meteolojinx Recanto,
A1172,Meteolojinx Recanto,
A1173,Meteolojinx Recanto,
A1174,Meteolojinx Recanto,
A1175,Meteolojinx Recanto,
A1176,Meteolojinx Recanto,
A1177,Meteolojinx Recanto,
A1178,Meteolojinx Recanto,
A1179,Meteolojinx Recanto,
A1180,Meteolojinx Recanto,
A1181,Meteolojinx Recanto,
A1182,Meteolojinx Recanto,
A1183,Meteolojinx Recanto,
A1184,Meteolojinx Recanto,
A1185,Meteolojinx Recanto,
A1186,Meteolojinx Recanto,
A1187,Meteolojinx Recanto,
A1188,Meteolojinx Recanto,
A1189,Meteolojinx Recanto,
A1190,Meteolojinx Recanto,
A1191,Meteolojinx Recanto,
A1192,Meteolojinx Recanto,
A1193,Meteolojinx Recanto,
A1194,Meteolojinx Recanto,
A1195,Meteolojinx Recanto,
A1196,Meteolojinx Recanto,
A1197,Meteolojinx Recanto,
A1198,Meteolojinx Recanto,
A1199,Meteolojinx Recanto,
A1200,Meteolojinx Recanto,
A1201,Meteolojinx Recanto,
A1202,Relashio,
A1203,Relashio,
A1204,Relashio,
A1205,Relashio,
A1206,Relashio,
A1207,Relashio,
A1208,Relashio,
A1209,Relashio,
A1210,Relashio,
A1211,Relashio,
A1212,Relashio,
A1213,Relashio,
A1214,Relashio,
A1215,Relashio,
A1216,Relashio,
A1217,Relashio,
A1218,Relashio,
A1219,Relashio,
A1220,Relashio,
A1221,Relashio,
A1222,Relashio,
A1223,Relashio,
A1224,Relashio,
A1225,Relashio,
A1226,Relashio,
A1227,Relashio,
A1228,Relashio,
A1229,Relashio,
A1230,Relashio,
A1231,Relashio,
A1232,Relashio,
A1233,Relashio,
A1234,Relashio,
A1235,Relashio,
A1236,Relashio,
A1237,Relashio,
A1238,Relashio,
A1239,Relashio,
A1240,Relashio,
A1241,Relashio,
A1242,Relashio,
A1243,Relashio,
A1244,Relashio,
A1245,Relashio,
A1246,Relashio,
A1247,Relashio,
A1248,Relashio,
A1249,Relashio,
A1250,Relashio,
A1251,Relashio,
A1252,Relashio,
A1253,Relashio,Near Window
A1254,Relashio,Near Window
A1255,Relashio,Near Window
A1256,Relashio,Near Window
A1257,Relashio,
A1258,Relashio,
A1259,Relashio,
A1260,Relashio,
A1261,Relashio,
A1262,Relashio,
A1263,Relashio,
A1264,Relashio,
A1265,Relashio,
A1266,Relashio,
A1267,Relashio,
A1268,Relashio,
A1269,Relashio,
A1270,Relashio,
A1271,Relashio,
A1272,Relashio,
A1273,Relashio,
A1274,Relashio,
A1275,Relashio,
A1276,Relashio,
A1277,Relashio,
A1278,Relashio,
A1279,Relashio,Reduced Light
A1280,Reparo,Reduced Light
A1281,Reparo,
A1282,Reparo,
A1283,Reparo,
A1284,Reparo,
A1285,Reparo,
A1286,Reparo,
A1287,Reparo,Ergonomic Chair
A1288,Reparo,
A1289,Reparo,
A1290,Reparo,
A1291,Reparo,Near Window
A1292,Reparo,Near Window
A1293,Reparo,
A1294,Reparo,
A1295,Reparo,
A1296,Reparo,
A1297,Reparo,
A1298,Reparo,Standing Desk
A1299,Reparo,
A1300,Reparo,
A1301,Reparo,
A1302,Reparo,
A1303,Reparo,
A1304,Reparo,Standing Desk
A1305,Relashio,Standing Desk
A1306,Relashio,
A1307,Relashio,
A1308,Relashio,
A1309,Relashio,
A1310,Relashio,
A1311,Relashio,
A1312,Relashio,
A1313,Relashio,
A1314,Relashio,
A1315,Relashio,
A1316,Relashio,
A1317,Relashio,
A1318,Relashio,
A1319,Relashio,
A1320,Relashio,
A1321,Relashio,
A1322,Relashio,
A1323,Relashio,
A1324,Relashio,
A1325,Relashio,
A1326,Relashio,
A1327,Relashio,
A1328,Relashio,
A1329,Relashio,
A1330,Relashio,
A1331,Relashio,
A1332,Relashio,
A1333,Relashio,
A1334,Relashio,
A1335,Relashio,
A1336,Relashio,
A1337,Relashio,
A1338,Relashio,
A1339,Relashio,
A1340,Relashio,
A1341,Relashio,
A1342,Relashio,
A1343,Relashio,
A1344,Relashio,
A1345,Relashio,
A1346,Relashio,
A1347,Relashio,
A1348,Relashio,
A1349,Relashio,
A1350,Relashio,
A1351,Relashio,
A1352,Relashio,
A1353,Relashio,
A1354,Relashio,
A1355,Relashio,
A1356,Relashio,
A1357,Relashio,
A1358,Relashio,
A1359,Relashio,
A1360,Relashio,
A1361,Relashio,
A1362,Relashio,
A1363,Relashio,
A1364,Relashio,
A1365,Relashio,
A1366,Relashio,
A1367,Relashio,
A1368,Relashio,
A1369,Relashio,
A1370,Relashio,
A1371,Relashio,
A1372,Relashio,
A1373,Relashio,
A1374,Relashio,
A1375,Relashio,
A1376,Relashio,
A1377,Relashio,
A1378,Relashio,
A1379,Relashio,
A1380,Scourgify,
A1381,Scourgify,
A1382,Scourgify,
A1383,Scourgify,
A1384,Scourgify,
A1385,Scourgify,
A1386,Scourgify,
A1387,Scourgify,
A1388,Scourgify,
A1389,Scourgify,
A1390,Scourgify,
A1391,Scourgify,
A1392,Scourgify,
A1393,Scourgify,
A1394,Scourgify,
A1395,Scourgify,
A1396,Scourgify,
A1397,Scourgify,
A1398,Scourgify,
A1399,Scourgify,
A1400,Scourgify,
A1401,Scourgify,
A1402,Scourgify,
A1403,Scourgify,
A1404,Scourgify,
A1405,Mobilicorpus,
A1406,Mobilicorpus,
A1407,Mobilicorpus,
A1408,Mobilicorpus,
A1409,Mobilicorpus,
A1410,Mobilicorpus,
A1411,Mobilicorpus,
A1412,Mobilicorpus,
A1413,Mobilicorpus,
A1414,Mobilicorpus,
A1415,Mobilicorpus,
A1416,Mobilicorpus,
A1417,Mobilicorpus,
A1418,Mobilicorpus,
A1419,Mobilicorpus,
A1420,Mobilicorpus,
A1421,Mobilicorpus,
A1422,Mobilicorpus,
A1423,Mobilicorpus,
A1424,Mobilicorpus,
A1425,Mobilicorpus,
A1426,Mobilicorpus,
A1427,Mobilicorpus,
A1428,Mobilicorpus,
A1429,Mobilicorpus,
A1430,Mobilicorpus,
A1431,Mobilicorpus,
A1432,Mobilicorpus,
A1433,Mobilicorpus,
A1434,Mobilicorpus,
A1435,Mobilicorpus,
A1436,Mobilicorpus,
A1437,Mobilicorpus,
A1438,Mobilicorpus,
A1439,Mobilicorpus,
A1440,Mobilicorpus,
A1441,Mobilicorpus,
A1442,Mobilicorpus,
A1443,Mobilicorpus,
A1444,Mobilicorpus,
A1445,Mobilicorpus,
A1446,Mobilicorpus,
A1447,Mobilicorpus,
A1448,Mobilicorpus,
A1449,Mobilicorpus,
A1450,Mobilicorpus,
A1451,Mobilicorpus,
A1452,Mobilicorpus,
A1453,Mobilicorpus,
A1454,Mobilicorpus,
A1455,Mobilicorpus,
A1456,Mobilicorpus,
A1457,Mobilicorpus,
A1458,Mobilicorpus,
A1459,Mobilicorpus,
A1460,Mobilicorpus,
A1461,Mobilicorpus,
A1462,Mobilicorpus,
A1463,Mobilicorpus,
A1464,Mobilicorpus,
A1465,Mobilicorpus,
A1466,Mobilicorpus,
A1467,Mobilicorpus,
A1468,Mobilicorpus,
A1469,Mobilicorpus,
A1470,Mobilicorpus,
A1471,Mobilicorpus,
A1472,Mobilicorpus,
A1473,Mobilicorpus,
A1474,Mobilicorpus,
A1475,Mobilicorpus,
A1476,Mobilicorpus,
A1477,Mobilicorpus,
A1478,Mobilicorpus,
A1479,Mobilicorpus,
A1480,Mobilicorpus,
A1481,Mobilicorpus,
A1482,Mobilicorpus,
A1483,Mobilicorpus,
A1484,Mobilicorpus,
A1485,Mobilicorpus,
A1486,Mobilicorpus,
A1487,Mobilicorpus,
A1488,Mobilicorpus,
A1489,Mobilicorpus,
A1490,Mobilicorpus,
A1491,Mobilicorpus,
A1492,Mobilicorpus,
A1493,Mobilicorpus,
A1494,Mobilicorpus,
A1495,Mobilicorpus,
A1496,Mobilicorpus,
A1497,Mobilicorpus,
A1498,Mobilicorpus,
A1499,Mobilicorpus,
A1500,Mobilicorpus,
A1501,Mobilicorpus,
A1502,Mobilicorpus,
A1503,Mobilicorpus,
A1504,Mobilicorpus,
A1505,Mobilicorpus,
A1506,Mobilicorpus,
A1507,Mobilicorpus,
A1508,Mobilicorpus,
A1509,Mobilicorpus,
A1510,Mobilicorpus,
A1511,Mobilicorpus,
A1512,Mobilicorpus,
A1513,Mobilicorpus,
A1514,Mobilicorpus,
A1515,Mobilicorpus,
A1516,Mobilicorpus,
A1517,Mobilicorpus,
A1518,Mobilicorpus,
A1519,Mobilicorpus,
A1520,Mobilicorpus,
A1521,Mobilicorpus,
A1522,Mobilicorpus,
A1523,Mobilicorpus,
A1524,Mobilicorpus,
A1525,Mobilicorpus,
A1526,Mobilicorpus,
A1527,Mobilicorpus,
A1528,Mobilicorpus,
A1529,Mobilicorpus,
A1530,Mobilicorpus,
A1531,Mobilicorpus,
A1532,Mobilicorpus,
A1533,Mobilicorpus,
A1534,Mobilicorpus,
A1535,Mobilicorpus,
A1536,Mobilicorpus,
A1537,Mobilicorpus,
A1538,Mobilicorpus,
A1539,Defodio,
A1540,Defodio,
A1541,Defodio,
A1542,Defodio,
A1543,Defodio,
A1544,Defodio,
A1545,Defodio,
A1546,Defodio,Ergonomic Chair
A1547,Defodio,
A1548,Defodio,
A1549,Defodio,
A1550,Defodio,
A1551,Defodio,
A1552,Defodio,
A1553,Defodio,
A1554,Defodio,
A1555,Defodio,
A1556,Defodio,
A1557,Defodio,
A1558,Defodio,
A1559,Defodio,
A1560,Defodio,
A1561,Defodio,
A1562,Defodio,
A1563,Defodio,
A1564,Defodio,
A1565,Defodio,
A1566,Defodio,
A1567,Defodio,
A1568,Defodio,
A1569,Defodio,
A1570,Defodio,Near Window
A1571,Defodio,
A1572,Defodio,
A1573,Defodio,
A1574,Defodio,
A1575,Defodio,
A1576,Defodio,
A1577,Defodio,
A1578,Defodio,
A1579,Defodio,
A1580,Defodio,
A1581,Defodio,
A1582,Defodio,
A1583,Defodio,
A1584,Defodio,
A1585,Defodio,
A1586,Defodio,
A1587,Defodio,
A1588,Defodio,
A1589,Defodio,
A1590,Defodio,
A1591,Defodio,Reduced Light
A1592,Defodio,
A1593,Defodio,
A1594,Defodio,
A1595,Defodio,
A1596,Defodio,
A1597,Defodio,
A1598,Defodio,
A1599,Defodio,
A1600,Defodio,
A1601,Defodio,
A1602,Defodio,
A1603,Defodio,
A1604,Defodio,
A1605,Defodio,
A1606,Defodio,
A1607,Defodio,
A1608,Defodio,
A1609,Defodio,
A1610,Defodio,
A1611,Defodio,
A1612,Defodio,
A1613,Defodio,
A1614,Defodio,
A1615,Defodio,
A1616,Defodio,
A1617,Defodio,
A1618,Defodio,
A1619,Defodio,
A1620,Defodio,
A1621,Defodio,
A1622,Defodio,
A1623,Defodio,
A1624,Defodio,
A1625,Defodio,
A1626,Defodio,
A1627,Defodio,
A1628,Defodio,
A1629,Defodio,
A1630,Defodio,
A1631,Defodio,
A1632,Defodio,
A1633,Defodio,
A1634,Defodio,
A1635,Defodio,
A1636,Defodio,
A1637,Defodio,
A1638,Defodio,
A1639,Defodio,
A1640,Defodio,
A1641,Defodio,
A1642,Defodio,
A1643,Defodio,
A1644,Defodio,
A1645,Defodio,
A1646,Defodio,
A1647,Defodio,
A1648,Defodio,
A1649,Defodio,
A1650,Defodio,
A1651,Defodio,
A1652,Defodio,
A1653,Defodio,
A1654,Defodio,
A1655,Defodio,
A1656,Defodio,
A1657,Defodio,
A1658,Defodio,
A1659,Defodio,
A1660,Defodio,
A1661,Defodio,
A1662,Defodio,
A1663,Defodio,
A1664,Defodio,
A1665,Defodio,
A1666,Defodio,
A1667,Defodio,
A1668,Defodio,
A1669,Defodio,
A1670,Defodio,
A1671,Defodio,
A1672,Defodio,
A1673,Defodio,
A1674,Defodio,
A1675,Defodio,
A1676,Defodio,
A1677,Defodio,
A1678,Defodio,
A1679,Defodio,
A1680,Defodio,
A1681,Defodio,
A1682,Defodio,
A1683,Defodio,
A1684,Glisseo,
A1685,Glisseo,
A1686,Glisseo,
A1687,Glisseo,
A1688,Glisseo,
A1689,Glisseo,
A1690,Glisseo,
A1691,Glisseo,
A1692,Glisseo,
A1693,Glisseo,
A1694,Glisseo,
A1695,Glisseo,
A1696,Glisseo,
A1697,Glisseo,
A1698,Impedimenta,
A1699,Impedimenta,
A1700,Impedimenta,
A1701,Impedimenta,
A1702,Impedimenta,
A1703,Impedimenta,
A1704,Impedimenta,
A1705,Impedimenta,
A1706,Impedimenta,
A1707,Impedimenta,
A1708,Impedimenta,
A1709,Impedimenta,
A1710,Impedimenta,
A1711,Impedimenta,
A1712,Impedimenta,
A1713,Impedimenta,
A1714,Impedimenta,
A1715,Impedimenta,
A1716,Impedimenta,
A1717,Impedimenta,
A1718,Impedimenta,
A1719,Impedimenta,
A1720,Impedimenta,
A1721,Impedimenta,
A1722,Impedimenta,
A1723,Impedimenta,
A1724,Impedimenta,
A1725,Impedimenta,
A1726,Impedimenta,
A1727,Impedimenta,
A1728,Impedimenta,
A1729,Impedimenta,
A1730,Impedimenta,
A1731,Impedimenta,
A1732,Impedimenta,
A1733,Impedimenta,
A1734,Impedimenta,
A1735,Impedimenta,
A1736,Impedimenta,
A1737,Impedimenta,
A1738,Impedimenta,
A1739,Impedimenta,
A1740,Impedimenta,
A1741,Impedimenta,
A1742,Impedimenta,
A1743,Impedimenta,
A1744,Impedimenta,
A1745,Impedimenta,
A1746,Impedimenta,
A1747,Impedimenta,
A1748,Impedimenta,
A1749,Impedimenta,
A1750,Impedimenta,
A1751,Impedimenta,
A1752,Impedimenta,
A1753,Impedimenta,
A1754,Impedimenta,
A1755,Impedimenta,
A1756,Impedimenta,
A1757,Impedimenta,
A1758,Impedimenta,
A1759,Impedimenta,
A1760,Impedimenta,
A1761,Impedimenta,
A1762,Impedimenta,
A1763,Impedimenta,
A1764,Impedimenta,
A1765,Impedimenta,
A1766,Impedimenta,
A1767,Impedimenta,
A1768,Impedimenta,
A1769,Impedimenta,
A1770,Impedimenta,
A1771,Impedimenta,
A1772,Impedimenta,
A1773,Impedimenta,
A1774,Impedimenta,
A1775,Impedimenta,
A1776,Impedimenta,
A1777,Impedimenta,
A1778,Impedimenta,
A1779,Impedimenta,
A1780,Impedimenta,
A1781,Impedimenta,
A1782,Impedimenta,
A1783,Impedimenta,
A1784,Impedimenta,
A1785,Impedimenta,
A1786,Impedimenta,
A1787,Impedimenta,
A1788,Impedimenta,
A1789,Impedimenta,
A1790,Impedimenta,
A1791,Impedimenta,
A1792,Impedimenta,
A1793,Impedimenta,
A1794,Impedimenta,
A1795,Impedimenta,
A1796,Impedimenta,
A1797,Impedimenta,
A1798,Impedimenta,
A1799,Impedimenta,
A1800,Impedimenta,
A1801,Impedimenta,
A1802,Impedimenta,
A1803,Impedimenta,
A1804,Liberacorpus,
A1805,Liberacorpus,
A1806,Liberacorpus,
A1807,Liberacorpus,
A1808,Liberacorpus,
A1809,Liberacorpus,
A1810,Liberacorpus,
A1811,Liberacorpus,
A1812,Liberacorpus,
A1813,Liberacorpus,
A1814,Liberacorpus,
A1815,Liberacorpus,
A1816,Liberacorpus,
A1817,Liberacorpus,
A1818,Liberacorpus,
A1819,Liberacorpus,
A1820,Liberacorpus,
A1821,Liberacorpus,
A1822,Liberacorpus,
A1823,Liberacorpus,
A1824,Liberacorpus,
A1825,Liberacorpus,
A1826,Liberacorpus,
A1827,Liberacorpus,
A1828,Liberacorpus,
A1829,Liberacorpus,
A1830,Liberacorpus,
A1831,Liberacorpus,
A1832,Liberacorpus,
A1833,Liberacorpus,
A1834,Liberacorpus,
A1835,Liberacorpus,
A1836,Liberacorpus,
A1837,Liberacorpus,
A1838,Liberacorpus,
A1839,Liberacorpus,
A1840,Liberacorpus,
A1841,Liberacorpus,
A1842,Liberacorpus,
A1843,Liberacorpus,
A1844,Liberacorpus,
A1845,Liberacorpus,
A1846,Liberacorpus,
A1847,Liberacorpus,
A1848,Liberacorpus,
A1849,Liberacorpus,
A1850,Liberacorpus,
A1851,Liberacorpus,
A1852,Liberacorpus,
A1853,Liberacorpus,
A1854,Liberacorpus,
A1855,Liberacorpus,
A1856,Liberacorpus,
A1857,Liberacorpus,
A1858,Liberacorpus,
A1859,Liberacorpus,Ergonomic Chair
A1860,Liberacorpus,
A1861,Liberacorpus,
A1862,Liberacorpus,
A1863,Liberacorpus,
A1864,Liberacorpus,
A1865,Liberacorpus,
A1866,Liberacorpus,
A1867,Liberacorpus,
A1868,Liberacorpus,
A1869,Liberacorpus,
A1870,Liberacorpus,
A1871,Liberacorpus,
A1872,Liberacorpus,
A1873,Liberacorpus,
A1874,Liberacorpus,
A1875,Liberacorpus,
A1876,Liberacorpus,
A1877,Liberacorpus,
A1878,Liberacorpus,
A1879,Liberacorpus,
A1880,Liberacorpus,
A1881,Liberacorpus,
A1882,Liberacorpus,
A1883,Liberacorpus,
A1884,Liberacorpus,
A1885,Liberacorpus,
A1886,Liberacorpus,Near Window
A1887,Liberacorpus,"Ergonomic Chair,Near Window"
A1888,Liberacorpus,Near Window
A1889,Liberacorpus,Near Window
A1890,Liberacorpus,
A1891,Liberacorpus,
A1892,Liberacorpus,
A1893,Liberacorpus,
A1894,Liberacorpus,
A1895,Liberacorpus,
A1896,Liberacorpus,
A1897,Liberacorpus,
A1898,Liberacorpus,
A1899,Liberacorpus,
A1900,Liberacorpus,
A1901,Liberacorpus,
A1902,Liberacorpus,
A1903,Liberacorpus,
A1904,Locomotor Mortis,
A1905,Locomotor Mortis,
A1906,Locomotor Mortis,
A1907,Locomotor Mortis,
A1908,Locomotor Mortis,
A1909,Locomotor Mortis,
A1910,Locomotor Mortis,
A1911,Locomotor Mortis,
A1912,Locomotor Mortis,
A1913,Locomotor Mortis,
A1914,Locomotor Mortis,
A1915,Locomotor Mortis,
A1916,Locomotor Mortis,
A1917,Locomotor Mortis,
A1918,Locomotor Mortis,
A1919,Locomotor Mortis,
A1920,Locomotor Mortis,
A1921,Locomotor Mortis,
A1922,Locomotor Mortis,
A1923,Locomotor Mortis,
A1924,Locomotor Mortis,
A1925,Locomotor Mortis,
A1926,Locomotor Mortis,
A1927,Locomotor Mortis,
A1928,Locomotor Mortis,
A1929,Locomotor Mortis,
A1930,Locomotor Mortis,
A1931,Locomotor Mortis,
A1932,Locomotor Mortis,
A1933,Locomotor Mortis,
A1934,Locomotor Mortis,
A1935,Locomotor Mortis,
A1936,Locomotor Mortis,
A1937,Locomotor Mortis,
A1938,Locomotor Mortis,
A1939,Locomotor Mortis,
A1940,Locomotor Mortis,
A1941,Locomotor Mortis,
A1942,Locomotor Mortis,
A1943,Locomotor Mortis,
A1944,Locomotor Mortis,
A1945,Locomotor Mortis,
A1946,Locomotor Mortis,
A1947,Locomotor Mortis,
A1948,Locomotor Mortis,
A1949,Locomotor Mortis,
A1950,Locomotor Mortis,
A1951,Locomotor Mortis,
A1952,Locomotor Mortis,
A1953,Locomotor Mortis,
A1954,Locomotor Mortis,
A1955,Locomotor Mortis,
A1956,Locomotor Mortis,
A1957,Locomotor Mortis,
A1958,Locomotor Mortis,
A1959,Locomotor Mortis,
A1960,Locomotor Mortis,
A1961,Locomotor Mortis,
A1962,Locomotor Mortis,
A1963,Locomotor Mortis,
A1964,Locomotor Mortis,
A1965,Locomotor Mortis,
A1966,Locomotor Mortis,
A1967,Locomotor Mortis,
A1968,Locomotor Mortis,
A1969,Locomotor Mortis,
A1970,Locomotor Mortis,
A1971,Locomotor Mortis,
A1972,Locomotor Mortis,
A1973,Locomotor Mortis,
A1974,Locomotor Mortis,
A1975,Locomotor Mortis,
A1976,Locomotor Mortis,
A1977,Locomotor Mortis,
A1978,Locomotor Mortis,
A1979,Locomotor Mortis,
A1980,Locomotor Mortis,
A1981,Locomotor Mortis,
A1982,Locomotor Mortis,
A1983,Locomotor Mortis,
A1984,Locomotor Mortis,
A1985,Locomotor Mortis,
A1986,Locomotor Mortis,
A1987,Locomotor Mortis,
A1988,Locomotor Mortis,
A1989,Locomotor Mortis,
A1990,Locomotor Mortis,
A1991,Locomotor Mortis,
A1992,Locomotor Mortis,
A1993,Locomotor Mortis,
A1994,Locomotor Mortis,
A1995,Locomotor Mortis,
A1996,Locomotor Mortis,
A1997,Locomotor Mortis,
A1998,Locomotor Mortis,
A1999,Locomotor Mortis,
A2000,Locomotor Mortis,
A2001,Locomotor Mortis,
A2002,Locomotor Mortis,
A2003,Locomotor Mortis,
A2004,Locomotor Mortis,
A2005,Sonorus,
A2006,Sonorus,
A2007,Sonorus,
A2008,Sonorus,
A2009,Sonorus,
A2010,Sonorus,
A2011,Sonorus,
A2012,Sonorus,
A2013,Sonorus,
A2014,Sonorus,
A2015,Sonorus,
A2016,Sonorus,
A2017,Sonorus,
A2018,Sonorus,
A2019,Sonorus,
A2020,Sonorus,
A2021,Sonorus,
A2022,Sonorus,
A2023,Sonorus,
A2024,Sonorus,
A2025,Sonorus,
A2026,Sonorus,
A2027,Sonorus,
A2028,Sonorus,
A2029,Sonorus,
A2030,Sonorus,
A2031,Sonorus,
A2032,Sonorus,
A2033,Sonorus,
A2034,Sonorus,
A2035,Sonorus,
A2036,Sonorus,
A2037,Sonorus,
A2038,Sonorus,
A2039,Sonorus,
A2040,Sonorus,
A2041,Sonorus,
A2042,Sonorus,
A2043,Sonorus,
A2044,Sonorus,
A2045,Sonorus,
A2046,Sonorus,
A2047,Sonorus,
A2048,Sonorus,
A2049,Sonorus,
A2050,Sonorus,
A2051,Sonorus,
A2052,Sonorus,
A2053,Sonorus,
A2054,Sonorus,
A2055,Sonorus,
A2056,Sonorus,
A2057,Sonorus,
A2058,Sonorus,
A2059,Sonorus,
A2060,Sonorus,
A2061,Sonorus,
A2062,Sonorus,
A2063,Sonorus,
A2064,Sonorus,
A2065,Sonorus,
A2066,Sonorus,
A2067,Sonorus,
A2068,Sonorus,
A2069,Sonorus,
A2070,Sonorus,
A2071,Sonorus,
A2072,Sonorus,
A2073,Sonorus,
A2074,Sonorus,
A2075,Sonorus,
A2076,Sonorus,
A2077,Sonorus,
A2078,Sonorus,
A2079,Sonorus,
A2080,Sonorus,
A2081,Sonorus,
A2082,Sonorus,
A2083,Sonorus,
A2084,Sonorus,
A2085,Sonorus,
A2086,Sonorus,
A2087,Sonorus,
A2088,Sonorus,
A2089,Sonorus,
A2090,Sonorus,
A2091,Sonorus,
A2092,Sonorus,
A2093,Sonorus,
A2094,Sonorus,
A2095,Sonorus,
A2096,Sonorus,
A2097,Sonorus,
A2098,Sonorus,
A2099,Sonorus,
A2100,Sonorus,
A2101,Sonorus,
A2102,Sonorus,
A2103,Sonorus,
A2104,Sonorus,
A2105,Specialis Revelio,
A2106,Specialis Revelio,
A2107,Specialis Revelio,
A2108,Specialis Revelio,
A2109,Specialis Revelio,
A2110,Specialis Revelio,
A2111,Specialis Revelio,
A2112,Specialis Revelio,
A2113,Specialis Revelio,
A2114,Specialis Revelio,
A2115,Specialis Revelio,
A2116,Specialis Revelio,
A2117,Specialis Revelio,
A2118,Specialis Revelio,
A2119,Specialis Revelio,
A2120,Specialis Revelio,
A2121,Specialis Revelio,
A2122,Specialis Revelio,
A2123,Specialis Revelio,
A2124,Specialis Revelio,
A2125,Specialis Revelio,
A2126,Specialis Revelio,
A2127,Specialis Revelio,
A2128,Specialis Revelio,
A2129,Specialis Revelio,
A2130,Specialis Revelio,
A2131,Specialis Revelio,
A2132,Specialis Revelio,
A2133,Specialis Revelio,
A2134,Specialis Revelio,
A2135,Specialis Revelio,
A2136,Specialis Revelio,
A2137,Specialis Revelio,
A2138,Specialis Revelio,
A2139,Specialis Revelio,
A2140,Specialis Revelio,
A2141,Specialis Revelio,
A2142,Specialis Revelio,
A2143,Specialis Revelio,
A2144,Specialis Revelio,
A2145,Specialis Revelio,
A2146,Specialis Revelio,
A2147,Specialis Revelio,
A2148,Specialis Revelio,
A2149,Specialis Revelio,
A2150,Specialis Revelio,
A2151,Specialis Revelio,
A2152,Specialis Revelio,
A2153,Specialis Revelio,
A2154,Specialis Revelio,
A2155,Specialis Revelio,
A2156,Specialis Revelio,
A2157,Specialis Revelio,
A2158,Specialis Revelio,
A2159,Specialis Revelio,
A2160,Specialis Revelio,
A2161,Specialis Revelio,
A2162,Specialis Revelio,
A2163,Specialis Revelio,
A2164,Specialis Revelio,
A2165,Specialis Revelio,
A2166,Specialis Revelio,
A2167,Specialis Revelio,
A2168,Specialis Revelio,
A2169,Specialis Revelio,
A2170,Specialis Revelio,
A2171,Specialis Revelio,
A2172,Specialis Revelio,
A2173,Specialis Revelio,
A2174,Specialis Revelio,
A2175,Specialis Revelio,
A2176,Specialis Revelio,
A2177,Specialis Revelio,
A2178,Specialis Revelio,
A2179,Specialis Revelio,
A2180,Specialis Revelio,
A2181,Specialis Revelio,
A2182,Specialis Revelio,
A2183,Specialis Revelio,
A2184,Specialis Revelio,
A2185,Specialis Revelio,
A2186,Specialis Revelio,
A2187,Specialis Revelio,
A2188,Specialis Revelio,
A2189,Specialis Revelio,
A2190,Specialis Revelio,
A2191,Specialis Revelio,
A2192,Specialis Revelio,
A2193,Specialis Revelio,
A2194,Specialis Revelio,
A2195,Specialis Revelio,
A2196,Specialis Revelio,
A2197,Specialis Revelio,
A2198,Specialis Revelio,
A2199,Specialis Revelio,
A2200,Specialis Revelio,
A2201,Specialis Revelio,
A2202,Specialis Revelio,
A2203,Specialis Revelio,
A2204,Specialis Revelio,
A2205,Specialis Revelio,
A2206,Specialis Revelio,
A2207,Specialis Revelio,
A2208,Specialis Revelio,
A2209,Specialis Revelio,
A2210,Specialis Revelio,
A2211,Specialis Revelio,
A2212,Specialis Revelio,
A2213,Specialis Revelio,
A2214,Specialis Revelio,
A2215,Specialis Revelio,
A2216,Specialis Revelio,
A2217,Specialis Revelio,
A2218,Specialis Revelio,
A2219,Specialis Revelio,
A2220,Specialis Revelio,
A2221,Specialis Revelio,
A2222,Specialis Revelio,
A2223,Specialis Revelio,
A2224,Specialis Revelio,
A2225,Specialis Revelio,
A2226,Specialis Revelio,
A2227,Specialis Revelio,
A2228,Specialis Revelio,
A2229,Specialis Revelio,
A2230,Specialis Revelio,
A2231,Specialis Revelio,
A2232,Specialis Revelio,
A2233,Specialis Revelio,
A2234,Specialis Revelio,
A2235,Specialis Revelio,
A2236,Specialis Revelio,
A2237,Specialis Revelio,
A2238,Specialis Revelio,
A2239,Specialis Revelio,
A2240,Specialis Revelio,
A2241,Specialis Revelio,
A2242,Specialis Revelio,
A2243,Specialis Revelio,
A2244,Specialis Revelio,
A2245,Specialis Revelio,
A2246,Specialis Revelio,
A2247,Specialis Revelio,
A2248,Specialis Revelio,
A2249,Specialis Revelio,
A2250,Specialis Revelio,
A2251,Specialis Revelio,
A2252,Specialis Revelio,
A2253,Specialis Revelio,Near Window
A2254,Specialis Revelio,Near Window
A2255,Mobilicorpus,Near Window
A2256,Mobilicorpus,Near Window
A2257,Mobilicorpus,
A2258,Mobilicorpus,
A2259,Mobilicorpus,
A2260,Mobilicorpus,
A2261,Mobilicorpus,
A2262,Mobilicorpus,
A2263,Mobilicorpus,
A2264,Mobilicorpus,
A2265,Mobilicorpus,
A2266,Mobilicorpus,
A2267,Mobilicorpus,
A2268,Mobilicorpus,
A2269,Mobilicorpus,
A2270,Mobilicorpus,
A2271,Mobilicorpus,
A2272,Mobilicorpus,
A2273,Mobilicorpus,
A2274,Mobilicorpus,
A2275,Mobilicorpus,
A2276,Mobilicorpus,
A2277,Mobilicorpus,
A2278,Mobilicorpus,
A2279,Mobilicorpus,
A2280,Mobilicorpus,
A2281,Mobilicorpus,
A2282,Mobilicorpus,
A2283,Mobilicorpus,
A2284,Mobilicorpus,
A2285,Mobilicorpus,
A2286,Mobilicorpus,
A2287,Mobilicorpus,
A2288,Mobilicorpus,
A2289,Mobilicorpus,
A2290,Mobilicorpus,
A2291,Mobilicorpus,
A2292,Mobilicorpus,
A2293,Mobilicorpus,
A2294,Mobilicorpus,
A2295,Mobilicorpus,
A2296,Mobilicorpus,
A2297,Mobilicorpus,
A2298,Mobilicorpus,
A2299,Mobilicorpus,
A2300,Mobilicorpus,
A2301,Mobilicorpus,
A2302,Mobilicorpus,
A2303,Mobilicorpus,
A2304,Mobilicorpus,
A2305,Mobilicorpus,
A2306,Mobilicorpus,
A2307,Mobilicorpus,
A2308,Mobilicorpus,
A2309,Mobilicorpus,
A2310,Mobilicorpus,
A2311,Mobilicorpus,
A2312,Mobilicorpus,
A2313,Mobilicorpus,
A2314,Mobilicorpus,
A2315,Mobilicorpus,
A2316,Mobilicorpus,
A2317,Mobilicorpus,
A2318,Mobilicorpus,
A2319,Mobilicorpus,
A2320,Mobilicorpus,
A2321,Mobilicorpus,
A2322,Mobilicorpus,
A2323,Mobilicorpus,
A2324,Mobilicorpus,
A2325,Mobilicorpus,
A2326,Mobilicorpus,
A2327,Mobilicorpus,
A2328,Mobilicorpus,
A2329,Mobilicorpus,
A2330,Mobilicorpus,
A2331,Mobilicorpus,
A2332,Mobilicorpus,
A2333,Mobilicorpus,
A2334,Mobilicorpus,
A2335,Mobilicorpus,
A2336,Mobilicorpus,
A2337,Mobilicorpus,
A2338,Mobilicorpus,
A2339,Mobilicorpus,
A2340,Mobilicorpus,
A2341,Mobilicorpus,
A2342,Mobilicorpus,
A2343,Mobilicorpus,
A2344,Mobilicorpus,
A2345,Mobilicorpus,
A2346,Mobilicorpus,
A2347,Mobilicorpus,
A2348,Mobilicorpus,
A2349,Mobilicorpus,
A2350,Mobilicorpus,
A2351,Mobilicorpus,
A2352,Mobilicorpus,
A2353,Mobilicorpus,
A2354,Mobilicorpus,
A2355,Mobilicorpus,
A2356,Mobilicorpus,
A2357,Mobilicorpus,
A2358,Mobilicorpus,
A2359,Mobilicorpus,
A2360,Mobilicorpus,
A2361,Mobilicorpus,
A2362,Mobilicorpus,
A2363,Mobilicorpus,
A2364,Mobilicorpus,
A2365,Mobilicorpus,
A2366,Mobilicorpus,
A2367,Mobilicorpus,
A2368,Mobilicorpus,
A2369,Mobilicorpus,
A2370,Mobilicorpus,
A2371,Mobilicorpus,
A2372,Mobilicorpus,
A2373,Mobilicorpus,
A2374,Mobilicorpus,
A2375,Mobilicorpus,
A2376,Mobilicorpus,
A2377,Mobilicorpus,
A2378,Mobilicorpus,
A2379,Mobilicorpus,
A2380,Mobilicorpus,
A2381,Mobilicorpus,
A2382,Mobilicorpus,
A2383,Mobilicorpus,
A2384,Mobilicorpus,
A2385,Mobilicorpus,
A2386,Mobilicorpus,
A2387,Mobilicorpus,
A2388,Mobilicorpus,
A2389,Mobilicorpus,
A2390,Mobilicorpus,
A2391,Mobilicorpus,
A2392,Mobilicorpus,
A2393,Mobilicorpus,
A2394,Mobilicorpus,
A2395,Mobilicorpus,
A2396,Mobilicorpus,
A2397,Mobilicorpus,
A2398,Mobilicorpus,
A2399,Mobilicorpus,
A2400,Mobilicorpus,
A2401,Mobilicorpus,
A2402,Mobilicorpus,
A2403,Mobilicorpus,
A2404,Mobilicorpus,
A2405,Meteolojinx Recanto,
A2406,Meteolojinx Recanto,
A2407,Meteolojinx Recanto,
A2408,Meteolojinx Recanto,
A2409,Meteolojinx Recanto,
A2410,Meteolojinx Recanto,
A2411,Meteolojinx Recanto,
A2412,Meteolojinx Recanto,
A2413,Meteolojinx Recanto,
A2414,Meteolojinx Recanto,
A2415,Meteolojinx Recanto,
A2416,Meteolojinx Recanto,
A2417,Meteolojinx Recanto,
A2418,Meteolojinx Recanto,
A2419,Meteolojinx Recanto,
A2420,Meteolojinx Recanto,
A2421,Meteolojinx Recanto,
A2422,Meteolojinx Recanto,
A2423,Meteolojinx Recanto,
A2424,Meteolojinx Recanto,
A2425,Meteolojinx Recanto,
A2426,Meteolojinx Recanto,
A2427,Meteolojinx Recanto,
A2428,Meteolojinx Recanto,
A2429,Meteolojinx Recanto,
A2430,Meteolojinx Recanto,
A2431,Meteolojinx Recanto,
A2432,Meteolojinx Recanto,
A2433,Meteolojinx Recanto,
A2434,Meteolojinx Recanto,
A2435,Meteolojinx Recanto,
A2436,Meteolojinx Recanto,
A2437,Meteolojinx Recanto,
A2438,Meteolojinx Recanto,
A2439,Meteolojinx Recanto,
A2440,Meteolojinx Recanto,
A2441,Meteolojinx Recanto,
A2442,Meteolojinx Recanto,
A2443,Meteolojinx Recanto,
A2444,Meteolojinx Recanto,
A2445,Meteolojinx Recanto,
A2446,Meteolojinx Recanto,
A2447,Meteolojinx Recanto,
A2448,Meteolojinx Recanto,
A2449,Meteolojinx Recanto,
A2450,Meteolojinx Recanto,
A2451,Meteolojinx Recanto,
A2452,Meteolojinx Recanto,
A2453,Meteolojinx Recanto,
A2454,Meteolojinx Recanto,
A2455,Meteolojinx Recanto,
A2456,Meteolojinx Recanto,
A2457,Meteolojinx Recanto,
A2458,Meteolojinx Recanto,
A2459,Meteolojinx Recanto,
A2460,Meteolojinx Recanto,
A2461,Meteolojinx Recanto,
A2462,Meteolojinx Recanto,
A2463,Meteolojinx Recanto,
A2464,Meteolojinx Recanto,
A2465,Meteolojinx Recanto,
A2466,Meteolojinx Recanto,
A2467,Meteolojinx Recanto,
A2468,Meteolojinx Recanto,
A2469,Meteolojinx Recanto,
A2470,Meteolojinx Recanto,
A2471,Meteolojinx Recanto,
A2472,Meteolojinx Recanto,
A2473,Meteolojinx Recanto,
A2474,Meteolojinx Recanto,
A2475,Meteolojinx Recanto,
A2476,Meteolojinx Recanto,
A2477,Meteolojinx Recanto,
A2478,Meteolojinx Recanto,
A2479,Meteolojinx Recanto,
A2480,Meteolojinx Recanto,
A2481,Meteolojinx Recanto,
A2482,Meteolojinx Recanto,
A2483,Meteolojinx Recanto,
A2484,Meteolojinx Recanto,
A2485,Meteolojinx Recanto,
A2486,Meteolojinx Recanto,
A2487,Meteolojinx Recanto,
A2488,Meteolojinx Recanto,
A2489,Meteolojinx Recanto,
A2490,Meteolojinx Recanto,
A2491,Meteolojinx Recanto,
A2492,Meteolojinx Recanto,
A2493,Meteolojinx Recanto,
A2494,Meteolojinx Recanto,
A2495,Meteolojinx Recanto,
A2496,Meteolojinx Recanto,
A2497,Meteolojinx Recanto,
A2498,Meteolojinx Recanto,
A2499,Meteolojinx Recanto,
A2500,Meteolojinx Recanto,
A2501,Meteolojinx Recanto,
A2502,Meteolojinx Recanto,
A2503,Meteolojinx Recanto,
A2504,Meteolojinx Recanto,
A2505,Meteolojinx Recanto,
A2506,Meteolojinx Recanto,
A2507,Meteolojinx Recanto,
A2508,Meteolojinx Recanto,
A2509,Meteolojinx Recanto,Reduced Light
A2510,Locomotor Mortis,Reduced Light
A2511,Locomotor Mortis,
A2512,Locomotor Mortis,
A2513,Locomotor Mortis,
A2514,Locomotor Mortis,
A2515,Locomotor Mortis,
A2516,Locomotor Mortis,
A2517,Locomotor Mortis,
A2518,Locomotor Mortis,
A2519,Locomotor Mortis,
A2520,Locomotor Mortis,
A2521,Locomotor Mortis,
A2522,Locomotor Mortis,
A2523,Locomotor Mortis,
A2524,Locomotor Mortis,
A2525,Locomotor Mortis,
A2526,Avada Kedavra,
A2527,Avada Kedavra,
A2528,Avada Kedavra,
A2529,Avada Kedavra,
A2530,Avada Kedavra,
A2531,Avada Kedavra,
A2532,Avada Kedavra,
A2533,Avada Kedavra,
A2534,Avada Kedavra,
A2535,Avada Kedavra,
A2536,Avada Kedavra,
A2537,Avada Kedavra,
A2538,Avada Kedavra,
A2539,Avada Kedavra,
A2540,Avada Kedavra,
A2541,Avada Kedavra,
A2542,Avada Kedavra,
A2543,Avada Kedavra,
A2544,Avada Kedavra,Near Window
A2545,Avada Kedavra,Near Window
A2546,Fidelius Charm,Near Window
A2547,Fidelius Charm,Near Window
A2548,Fidelius Charm,
A2549,Fidelius Charm,
A2550,Fidelius Charm,
A2551,Fidelius Charm,
A2552,Fidelius Charm,
A2553,Fidelius Charm,
A2554,Fidelius Charm,
A2555,Fidelius Charm,
A2556,Fidelius Charm,
A2557,Fidelius Charm,
A2558,Fidelius Charm,
A2559,Fidelius Charm,
A2560,Fidelius Charm,
A2561,Fidelius Charm,
A2562,Fidelius Charm,
A2563,Fidelius Charm,
A2564,Fidelius Charm,
A2565,Fidelius Charm,
A2566,Fidelius Charm,
A2567,Fidelius Charm,
A2568,Fidelius Charm,
A2569,Fidelius Charm,
A2570,Fidelius Charm,
A2571,Fidelius Charm,
A2572,Fidelius Charm,
A2573,Fidelius Charm,
A2574,Fidelius Charm,
A2575,Fidelius Charm,Reduced Light
A2576,Mobilicorpus,Reduced Light
A2577,Mobilicorpus,
A2578,Mobilicorpus,
A2579,Mobilicorpus,
A2580,Mobilicorpus,
A2581,Mobilicorpus,
A2582,Mobilicorpus,
A2583,Mobilicorpus,
A2584,Mobilicorpus,
A2585,Mobilicorpus,
A2586,Mobilicorpus,
A2587,Mobilicorpus,
A2588,Mobilicorpus,
A2589,Mobilicorpus,
A2590,Mobilicorpus,
A2591,Mobilicorpus,
A2592,Mobilicorpus,
A2593,Mobilicorpus,
A2594,Mobilicorpus,Near Window
A2595,Confringo,Near Window
A2596,Confringo,Near Window
A2597,Confringo,Near Window
A2598,Confringo,
A2599,Confringo,
A2600,Confringo,
A2601,Confringo,
A2602,Confringo,
A2603,Confringo,
A2604,Confringo,
A2605,Confringo,
A2606,Confringo,
A2607,Confringo,
A2608,Confringo,
A2609,Confringo,
A2610,Confringo,
A2611,Confringo,
A2612,Confringo,
A2613,Confringo,
A2614,Confringo,
A2615,Confringo,
A2616,Confringo,
A2617,Confringo,
A2618,Confringo,
A2619,Confringo,
A2620,Confringo,
A2621,Confringo,
A2622,Confringo,
A2623,Confringo,
A2624,Confringo,
A2625,Confringo,
A2626,Confringo,
A2627,Confringo,
A2628,Confringo,
A2629,Confringo,
A2630,Confringo,
A2631,Confringo,
A2632,Confringo,
A2633,Confringo,
A2634,Confringo,
A2635,Confringo,
A2636,Confringo,
A2637,Confringo,
A2638,Confringo,
A2639,Confringo,
A2640,Confringo,
A2641,Confringo,
A2642,Confringo,
A2643,Confringo,
A2644,Confringo,
A2645,Confringo,
A2646,Confringo,
A2647,Confringo,
A2648,Confringo,
A2649,Confringo,
A2650,Confringo,
A2651,Confringo,
A2652,Confringo,
A2653,Confringo,
A2654,Confringo,
A2655,Levicorpus,
A2656,Levicorpus,Standing Desk
A2657,Levicorpus,Near Window
A2658,Levicorpus,
A2659,Levicorpus,
A2660,Levicorpus,
A2661,Levicorpus,
A2662,Levicorpus,
A2663,Levicorpus,
A2664,Levicorpus,
A2665,Levicorpus,
A2666,Levicorpus,
A2667,Levicorpus,
A2668,Levicorpus,
A2669,Levicorpus,
A2670,Levicorpus,
A2671,Levicorpus,
A2672,Levicorpus,
A2673,Levicorpus,
A2674,Levicorpus,
A2675,Levicorpus,
A2676,Levicorpus,
A2677,Levicorpus,
A2678,Levicorpus,
A2679,Levicorpus,
A2680,Levicorpus,
A2681,Levicorpus,
A2682,Levicorpus,
A2683,Levicorpus,
A2684,Levicorpus,
A2685,Levicorpus,
A2686,Levicorpus,
A2687,Levicorpus,
A2688,Levicorpus,
A2689,Levicorpus,
A2690,Levicorpus,
A2691,Levicorpus,
A2692,Levicorpus,
A2693,Levicorpus,
A2694,Levicorpus,
A2695,Levicorpus,
A2696,Levicorpus,
A2697,Liberacorpus,
A2698,Liberacorpus,
A2699,Liberacorpus,
A2700,Liberacorpus,
A2701,Liberacorpus,
A2702,Liberacorpus,
A2703,Liberacorpus,
A2704,Liberacorpus,
A2705,Liberacorpus,
A2706,Liberacorpus,
A2707,Liberacorpus,
A2708,Liberacorpus,
A2709,Liberacorpus,Standing Desk
A2710,Liberacorpus,
A2711,Liberacorpus,
A2712,Liberacorpus,
A2713,Liberacorpus,
A2714,Liberacorpus,
A2715,Liberacorpus,
A2716,Liberacorpus,
A2717,Liberacorpus,
A2718,Liberacorpus,
A2719,Liberacorpus,
A2720,Liberacorpus,
A2721,Liberacorpus,
A2722,Liberacorpus,
A2723,Liberacorpus,
A2724,Liberacorpus,
A2725,Liberacorpus,
A2726,Liberacorpus,
A2727,Liberacorpus,
A2728,Liberacorpus,
A2729,Liberacorpus,
A2730,Liberacorpus,
A2731,Liberacorpus,
A2732,Liberacorpus,Reduced Light
A2733,Liberacorpus,Reduced Light
A2734,Liberacorpus,
A2735,Liberacorpus,
A2736,Liberacorpus,
A2737,Liberacorpus,
A2738,Liberacorpus,
A2739,Liberacorpus,
A2740,Liberacorpus,
A2741,Liberacorpus,
A2742,Liberacorpus,
A2743,Liberacorpus,
A2744,Liberacorpus,
A2745,Liberacorpus,
A2746,Liberacorpus,
A2747,Unassigned,
A2748,Unassigned,
A2749,Unassigned,
A2750,Unassigned,
A2751,Unassigned,
A2752,Unassigned,Standing Desk
A2753,Unassigned,
A2754,Unassigned,
A2755,Unassigned,
A2756,Unassigned,
A2757,Unassigned,
A2758,Unassigned,
A2759,Unassigned,
A2760,Unassigned,
A2761,Unassigned,
A2762,Unassigned,
A2763,Unassigned,
A2764,Unassigned,
A2765,Unassigned,
A2766,Unassigned,
A2767,Unassigned,
A2768,Unassigned,
A2769,Unassigned,
A2770,Unassigned,
A2771,Unassigned,
A2772,Unassigned,Near Window
A2773,Unassigned,Near Window
A2774,Unassigned,Near Window
A2775,Relashio,Near Window
A2776,Relashio,
A2777,Relashio,
A2778,Relashio,
A2779,Relashio,
A2780,Relashio,
A2781,Relashio,
A2782,Relashio,
A2783,Relashio,
A2784,Relashio,
A2785,Relashio,
A2786,Relashio,
A2787,Relashio,
A2788,Relashio,
A2789,Relashio,
A2790,Relashio,
A2791,Relashio,
A2792,Relashio,
A2793,Relashio,
A2794,Relashio,
A2795,Relashio,
A2796,Relashio,
A2797,Relashio,
A2798,Relashio,
A2799,Relashio,
A2800,Relashio,
A2801,Relashio,
A2802,Relashio,
A2803,Relashio,
A2804,Relashio,
A2805,Relashio,
A2806,Relashio,
A2807,Relashio,
A2808,Relashio,
A2809,Relashio,
A2810,Relashio,
A2811,Relashio,
A2812,Relashio,
A2813,Relashio,
A2814,Relashio,
A2815,Relashio,
A2816,Relashio,
A2817,Relashio,
A2818,Relashio,
A2819,Relashio,Ergonomic Chair
A2820,Relashio,
A2821,Relashio,
A2822,Relashio,
A2823,Relashio,
A2824,Relashio,
A2825,Relashio,
A2826,Relashio,
A2827,Relashio,
A2828,Relashio,
A2829,Relashio,
A2830,Relashio,
A2831,Relashio,
A2832,Relashio,
A2833,Relashio,
A2834,Relashio,
A2835,Relashio,
A2836,Relashio,
A2837,Relashio,
A2838,Relashio,
A2839,Relashio,
A2840,Relashio,
A2841,Relashio,
A2842,Relashio,
A2843,Relashio,
A2844,Relashio,
A2845,Relashio,
A2846,Relashio,Ergonomic Chair
A2847,Relashio,
A2848,Relashio,
A2849,Relashio,
A2850,Relashio,
A2851,Relashio,
A2852,Relashio,
A2853,Relashio,
A2854,Relashio,
A2855,Relashio,
A2856,Relashio,
A2857,Relashio,
A2858,Relashio,
A2859,Relashio,
A2860,Relashio,
A2861,Relashio,
A2862,Relashio,
A2863,Relashio,
A2864,Relashio,
A2865,Relashio,
A2866,Relashio,
A2867,Relashio,
A2868,Relashio,
A2869,Relashio,
A2870,Relashio,Reduced Light
A2871,Confringo,Reduced Light
A2872,Confringo,
A2873,Confringo,
A2874,Confringo,
A2875,Confringo,
A2876,Confringo,
A2877,Confringo,
A2878,Confringo,
A2879,Confringo,
A2880,Confringo,
A2881,Confringo,
A2882,Confringo,
A2883,Confringo,
A2884,Confringo,
A2885,Confringo,
A2886,Confringo,
A2887,Confringo,
A2888,Confringo,
A2889,Confringo,
A2890,Confringo,
A2891,Duro,
A2892,Duro,
A2893,Duro,
A2894,Duro,
A2895,Duro,
A2896,Duro,
A2897,Duro,
A2898,Duro,Near Window
A2899,Duro,Near Window
A2900,Duro,Near Window
A2901,Duro,Near Window
A2902,Duro,
A2903,Duro,
A2904,Duro,
A2905,Duro,
A2906,Duro,
A2907,Duro,
A2908,Duro,
A2909,Duro,
A2910,Duro,
A2911,Duro,
A2912,Duro,
A2913,Duro,
A2914,Duro,
A2915,Duro,Ergonomic Chair
A2916,Duro,
A2917,Duro,
A2918,Duro,
A2919,Duro,
A2920,Duro,
A2921,Duro,
A2922,Duro,
A2923,Duro,
A2924,Duro,
A2925,Duro,
A2926,Duro,
A2927,Duro,
A2928,Duro,
A2929,Duro,
A2930,Duro,Reduced Light
A2931,Engorgio,Reduced Light
A2932,Engorgio,Reduced Light
A2933,Engorgio,Reduced Light
A2934,Engorgio,
A2935,Engorgio,
A2936,Engorgio,
A2937,Engorgio,
A2938,Engorgio,
A2939,Engorgio,
A2940,Engorgio,
A2941,Engorgio,
A2942,Engorgio,
A2943,Engorgio,
A2944,Engorgio,
A2945,Engorgio,
A2946,Engorgio,
A2947,Engorgio,
A2948,Engorgio,
A2949,Engorgio,
A2950,Engorgio,
A2951,Impedimenta,
A2952,Impedimenta,
A2953,Impedimenta,
A2954,Impedimenta,
A2955,Impedimenta,
A2956,Impedimenta,Reduced Light
A2957,Impedimenta,Reduced Light
A2958,Impedimenta,
A2959,Impedimenta,
A2960,Impedimenta,
A2961,Impedimenta,
A2962,Impedimenta,
A2963,Impedimenta,
A2964,Impedimenta,
A2965,Impedimenta,
A2966,Impedimenta,
A2967,Impedimenta,
A2968,Impedimenta,
A2969,Impedimenta,
A2970,Impedimenta,
A2971,Imperio,
A2972,Imperio,
A2973,Imperio,
A2974,Imperio,
A2975,Imperio,
A2976,Imperio,
A2977,Imperio,
A2978,Imperio,
A2979,Imperio,
A2980,Imperio,
A2981,Imperio,
A2982,Imperio,
A2983,Imperio,
A2984,Imperio,
A2985,Imperio,
A2986,Imperio,
A2987,Imperio,
A2988,Imperio,
A2989,Imperio,
A2990,Imperio,
A2991,Imperio,
A2992,Imperio,
A2993,Imperio,
A2994,Imperio,
A2995,Imperio,
A2996,Imperio,
A2997,Imperio,
A2998,Imperio,
A2999,Imperio,
A3000,Imperio,
A3001,Imperio,
A3002,Imperio,
A3003,Imperio,
A3004,Imperio,
A3005,Imperio,
A3006,Imperio,
A3007,Imperio,
A3008,Imperio,
A3009,Imperio,
A3010,Imperio,
A3011,Imperio,
A3012,Imperio,
A3013,Imperio,
A3014,Imperio,
A3015,Imperio,
A3016,Imperio,
A3017,Imperio,
A3018,Imperio,
A3019,Imperio,
A3020,Imperio,
A3021,Imperio,
A3022,Imperio,
A3023,Imperio,
A3024,Imperio,
A3025,Imperio,
A3026,Imperio,Near Window
A3027,Imperio,Near Window
A3028,Protego Totalum,Near Window
A3029,Protego Totalum,Near Window
A3030,Protego Totalum,
A3031,Protego Totalum,
A3032,Protego Totalum,
A3033,Protego Totalum,
A3034,Protego Totalum,
A3035,Protego Totalum,
A3036,Protego Totalum,
A3037,Protego Totalum,
A3038,Protego Totalum,
A3039,Protego Totalum,
A3040,Reducto,
A3041,Reducto,
A3042,Reducto,
A3043,Reducto,
A3044,Reducto,
A3045,Reducto,
A3046,Reducto,
A3047,Reducto,
A3048,Reducto,
A3049,Reducto,
A3050,Reducto,
A3051,Reducto,
A3052,Reducto,
A3053,Reducto,
A3054,Reducto,
A3055,Reducto,
A3056,Reducto,
A3057,Reducto,
A3058,Reducto,
A3059,Reducto,
A3060,Reducto,
A3061,Reducto,
A3062,Reducto,
A3063,Reducto,
A3064,Reducto,
A3065,Reducto,
A3066,Reducto,
A3067,Reducto,
A3068,Reducto,
A3069,Reducto,Near Window
A3070,Unassigned,Near Window
A3071,Unassigned,Near Window
A3072,Unassigned,Near Window
A3073,Unassigned,
A3074,Unassigned,
A3075,Unassigned,
A3076,Unassigned,
A3077,Unassigned,
A3078,Unassigned,
A3079,Unassigned,
A3080,Unassigned,
A3081,Unassigned,
A3082,Unassigned,
A3083,Unassigned,
A3084,Unassigned,
A3085,Unassigned,
A3086,Unassigned,
A3087,Unassigned,
A3088,Unassigned,
A3089,Unassigned,
A3090,Unassigned,
A3091,Unassigned,
A3092,Unassigned,
A3093,Unassigned,
A3094,Unassigned,
A3095,Unassigned,
A3096,Unassigned,
A3097,Unassigned,
A3098,Unassigned,
A3099,Unassigned,
A3100,Unassigned,
A3101,Unassigned,
A3102,Unassigned,
A3103,Unassigned,
A3104,Unassigned,
A3105,Unassigned,
A3106,Unassigned,
A3107,Unassigned,
A3108,Unassigned,
A3109,Unassigned,Reduced Light
A3110,Lumos,Reduced Light
A3111,Mobilicorpus,
A3112,Mobilicorpus,
A3113,Mobilicorpus,
A3114,Mobilicorpus,
A3115,Mobilicorpus,
A3116,Mobilicorpus,
A3117,Mobilicorpus,
A3118,Mobilicorpus,
A3119,Mobilicorpus,
A3120,Mobilicorpus,
A3121,Mobilicorpus,
A3122,Mobilicorpus,
A3123,Mobilicorpus,
A3124,Mobilicorpus,
A3125,Mobilicorpus,
A3126,Mobilicorpus,
A3127,Mobilicorpus,
A3128,Mobilicorpus,
A3129,Mobilicorpus,
A3130,Mobilicorpus,
A3131,Mobilicorpus,
A3132,Mobilicorpus,
A3133,Mobilicorpus,
A3134,Mobilicorpus,
A3135,Mobilicorpus,
A3136,Mobilicorpus,
A3137,Mobilicorpus,
A3138,Mobilicorpus,
A3139,Mobilicorpus,
A3140,Mobilicorpus,
A3141,Mobilicorpus,
A3142,Mobilicorpus,
A3143,Mobilicorpus,
A3144,Mobilicorpus,
A3145,Mobilicorpus,
A3146,Mobilicorpus,
A3147,Mobilicorpus,
A3148,Mobilicorpus,
A3149,Mobilicorpus,
A3150,Mobilicorpus,
A3151,Mobilicorpus,
A3152,Mobilicorpus,
A3153,Mobilicorpus,
A3154,Mobilicorpus,
A3155,Mobilicorpus,
A3156,Mobilicorpus,
A3157,Mobilicorpus,
A3158,Mobilicorpus,
A3159,Mobilicorpus,
A3160,Mobilicorpus,
A3161,Mobilicorpus,
A3162,Mobilicorpus,
A3163,Mobilicorpus,
A3164,Mobilicorpus,
A3165,Mobilicorpus,
A3166,Mobilicorpus,
A3167,Mobilicorpus,
A3168,Mobilicorpus,
A3169,Mobilicorpus,
A3170,Mobilicorpus,
A3171,Mobilicorpus,
A3172,Mobilicorpus,
A3173,Mobilicorpus,
A3174,Mobilicorpus,
A3175,Mobilicorpus,
A3176,Mobilicorpus,
A3177,Mobilicorpus,
A3178,Mobilicorpus,
A3179,Mobilicorpus,
A3180,Mobilicorpus,
A3181,Mobilicorpus,
A3182,Mobilicorpus,
A3183,Mobilicorpus,
A3184,Mobilicorpus,
A3185,Mobilicorpus,
A3186,Mobilicorpus,
A3187,Mobilicorpus,
A3188,Mobilicorpus,
A3189,Mobilicorpus,
A3190,Mobilicorpus,
A3191,Mobilicorpus,
A3192,Mobilicorpus,
A3193,Mobilicorpus,
A3194,Mobilicorpus,
A3195,Mobilicorpus,
A3196,Mobilicorpus,
A3197,Mobilicorpus,
A3198,Mobilicorpus,
A3199,Mobilicorpus,
A3200,Mobilicorpus,
A3201,Mobilicorpus,
A3202,Mobilicorpus,
A3203,Mobilicorpus,
A3204,Mobilicorpus,
A3205,Mobilicorpus,
A3206,Mobilicorpus,
A3207,Mobilicorpus,
A3208,Mobilicorpus,
A3209,Mobilicorpus,
A3210,Mobilicorpus,
A3211,Mobilicorpus,
A3212,Mobilicorpus,
A3213,Mobilicorpus,Standing Desk
A3214,Aparecium,
A3215,Aparecium,
A3216,Aparecium,
A3217,Aparecium,
A3218,Aparecium,
A3219,Aparecium,
A3220,Aparecium,
A3221,Aparecium,
A3222,Aparecium,
A3223,Aparecium,
A3224,Aparecium,
A3225,Aparecium,
A3226,Aparecium,
A3227,Aparecium,
A3228,Aparecium,
A3229,Aparecium,
A3230,Aparecium,
A3231,Aparecium,
A3232,Aparecium,
A3233,Aparecium,
A3234,Aparecium,
A3235,Aparecium,
A3236,Aparecium,
A3237,Aparecium,
A3238,Aparecium,
A3239,Aparecium,
A3240,Aparecium,
A3241,Aparecium,
A3242,Aparecium,
A3243,Aparecium,
A3244,Aparecium,
A3245,Aparecium,
A3246,Aparecium,
A3247,Aparecium,
A3248,Aparecium,
A3249,Aparecium,
A3250,Aparecium,
A3251,Aparecium,
A3252,Aparecium,
A3253,Aparecium,
A3254,Aparecium,
A3255,Aparecium,
A3256,Aparecium,
A3257,Aparecium,
A3258,Aparecium,Standing Desk
A3259,Aparecium,Standing Desk
A3260,Aparecium,
A3261,Aparecium,
A3262,Aparecium,
A3263,Aparecium,
A3264,Duro,
A3265,Duro,
A3266,Duro,
A3267,Duro,
A3268,Duro,
A3269,Duro,
A3270,Duro,
A3271,Duro,
A3272,Duro,
A3273,Duro,
A3274,Duro,
A3275,Duro,
A3276,Duro,
A3277,Duro,
A3278,Duro,
A3279,Duro,
A3280,Duro,
A3281,Duro,
A3282,Duro,
A3283,Duro,
A3284,Duro,
A3285,Duro,
A3286,Duro,
A3287,Duro,
A3288,Duro,
A3289,Duro,
A3290,Duro,
A3291,Duro,
A3292,Duro,
A3293,Duro,
A3294,Duro,
A3295,Duro,
A3296,Duro,
A3297,Duro,
A3298,Duro,
A3299,Duro,
A3300,Duro,
A3301,Duro,
A3302,Duro,
A3303,Duro,
A3304,Duro,
A3305,Duro,
A3306,Duro,
A3307,Duro,
A3308,Duro,
A3309,Duro,
A3310,Duro,
A3311,Duro,
A3312,Duro,
A3313,Duro,
A3314,Duro,
A3315,Duro,
A3316,Duro,
A3317,Duro,
A3318,Duro,
A3319,Duro,
A3320,Duro,
A3321,Duro,
A3322,Duro,
A3323,Duro,
A3324,Oppugno,
A3325,Oppugno,
A3326,Oppugno,
A3327,Oppugno,
A3328,Oppugno,
A3329,Oppugno,
A3330,Oppugno,
A3331,Oppugno,
A3332,Oppugno,
A3333,Oppugno,
A3334,Oppugno,
A3335,Oppugno,
A3336,Oppugno,
A3337,Oppugno,
A3338,Oppugno,
A3339,Oppugno,
A3340,Oppugno,
A3341,Oppugno,
A3342,Oppugno,
A3343,Oppugno,
A3344,Oppugno,
A3345,Oppugno,
A3346,Oppugno,
A3347,Oppugno,
A3348,Oppugno,
A3349,Obscuro,
A3350,Obscuro,
A3351,Obscuro,
A3352,Obscuro,
A3353,Obscuro,
A3354,Obscuro,
A3355,Obscuro,
A3356,Obscuro,
A3357,Fidelius Charm,
A3358,Fidelius Charm,
A3359,Fidelius Charm,
A3360,Fidelius Charm,
A3361,Fidelius Charm,
A3362,Fidelius Charm,
A3363,Fidelius Charm,
A3364,Fidelius Charm,
A3365,Fidelius Charm,
A3366,Fidelius Charm,
A3367,Fidelius Charm,
A3368,Fidelius Charm,
A3369,Fidelius Charm,
A3370,Fidelius Charm,
A3371,Fidelius Charm,
A3372,Fidelius Charm,
A3373,Fidelius Charm,
A3374,Fidelius Charm,
A3375,Fidelius Charm,
A3376,Fidelius Charm,
A3377,Fidelius Charm,
A3378,Fidelius Charm,Standing Desk
A3379,Fidelius Charm,Standing Desk
A3380,Fidelius Charm,
A3381,Fidelius Charm,
A3382,Fidelius Charm,
A3383,Fidelius Charm,
A3384,Fidelius Charm,
A3385,Fidelius Charm,
A3386,Fidelius Charm,
A3387,Fidelius Charm,
A3388,Fidelius Charm,
A3389,Fidelius Charm,
A3390,Fidelius Charm,
A3391,Fidelius Charm,
A3392,Fidelius Charm,
A3393,Fidelius Charm,
A3394,Fidelius Charm,
A3395,Fidelius Charm,
A3396,Fidelius Charm,
A3397,Fidelius Charm,
A3398,Fidelius Charm,
A3399,Fidelius Charm,
A3400,Fidelius Charm,
A3401,Fidelius Charm,
A3402,Fidelius Charm,
A3403,Fidelius Charm,
A3404,Fidelius Charm,
A3405,Fidelius Charm,
A3406,Fidelius Charm,
A3407,Fidelius Charm,
A3408,Fidelius Charm,
A3409,Fidelius Charm,
A3410,Fidelius Charm,
A3411,Fidelius Charm,
A3412,Fidelius Charm,
A3413,Fidelius Charm,
A3414,Fidelius Charm,
A3415,Fidelius Charm,
A3416,Fidelius Charm,
A3417,Fidelius Charm,
A3418,Fidelius Charm,
A3419,Fidelius Charm,
A3420,Fidelius Charm,
A3421,Fidelius Charm,
A3422,Fidelius Charm,Near Window
A3423,Aparecium,Near Window
A3424,Aparecium,Near Window
A3425,Aparecium,Near Window
A3426,Aparecium,
A3427,Aparecium,
A3428,Aparecium,
A3429,Aparecium,
A3430,Aparecium,
A3431,Aparecium,
A3432,Aparecium,
A3433,Aparecium,
A3434,Aparecium,
A3435,Aparecium,
A3436,Aparecium,
A3437,Aparecium,
A3438,Aparecium,
A3439,Aparecium,
A3440,Aparecium,
A3441,Aparecium,
A3442,Aparecium,
A3443,Aparecium,
A3444,Aparecium,
A3445,Aparecium,
A3446,Aparecium,
A3447,Aparecium,
A3448,Fidelius Charm,
A3449,Fidelius Charm,
A3450,Fidelius Charm,
A3451,Fidelius Charm,
A3452,Fidelius Charm,
A3453,Fidelius Charm,
A3454,Fidelius Charm,
A3455,Fidelius Charm,
A3456,Fidelius Charm,
A3457,Fidelius Charm,
A3458,Fidelius Charm,
A3459,Fidelius Charm,
A3460,Fidelius Charm,
A3461,Fidelius Charm,
A3462,Fidelius Charm,
A3463,Fidelius Charm,
A3464,Fidelius Charm,
A3465,Fidelius Charm,
A3466,Fidelius Charm,
A3467,Fidelius Charm,
A3468,Fidelius Charm,
A3469,Fidelius Charm,
A3470,Fidelius Charm,
A3471,Fidelius Charm,
A3472,Fidelius Charm,
A3473,Fidelius Charm,
A3474,Fidelius Charm,
A3475,Fidelius Charm,
A3476,Fidelius Charm,
A3477,Fidelius Charm,
A3478,Fidelius Charm,
A3479,Fidelius Charm,
A3480,Fidelius Charm,
A3481,Fidelius Charm,
A3482,Fidelius Charm,
A3483,Fidelius Charm,
A3484,Fidelius Charm,
A3485,Fidelius Charm,
A3486,Fidelius Charm,
A3487,Fidelius Charm,
A3488,Fidelius Charm,
A3489,Fidelius Charm,
A3490,Fidelius Charm,
A3491,Fidelius Charm,
A3492,Fidelius Charm,
A3493,Fidelius Charm,
A3494,Fidelius Charm,
A3495,Fidelius Charm,
A3496,Fidelius Charm,
A3497,Fidelius Charm,
A3498,Fidelius Charm,
A3499,Fidelius Charm,
A3500,Fidelius Charm,
A3501,Fidelius Charm,
A3502,Fidelius Charm,
A3503,Fidelius Charm,
A3504,Fidelius Charm,
A3505,Fidelius Charm,
A3506,Fidelius Charm,
A3507,Fidelius Charm,
A3508,Fidelius Charm,
A3509,Fidelius Charm,
A3510,Fidelius Charm,
A3511,Fidelius Charm,Near Window
A3512,Duro,Near Window
A3513,Duro,Near Window
A3514,Duro,Near Window
A3515,Duro,
A3516,Duro,
A3517,Duro,
A3518,Duro,
A3519,Duro,
A3520,Duro,
A3521,Duro,
A3522,Duro,
A3523,Duro,
A3524,Duro,
A3525,Duro,
A3526,Duro,
A3527,Duro,
A3528,Duro,
A3529,Duro,
A3530,Duro,
A3531,Duro,
A3532,Duro,
A3533,Duro,
A3534,Duro,
A3535,Duro,
A3536,Duro,
A3537,Duro,
A3538,Duro,
A3539,Duro,
A3540,Duro,
A3541,Duro,
A3542,Duro,
A3543,Duro,
A3544,Duro,
A3545,Duro,
A3546,Duro,
A3547,Duro,
A3548,Duro,
A3549,Duro,
A3550,Duro,
A3551,Duro,
A3552,Duro,
A3553,Duro,
A3554,Duro,
A3555,Duro,
A3556,Duro,
A3557,Duro,
A3558,Duro,
A3559,Duro,
A3560,Duro,
A3561,Duro,
A3562,Duro,
A3563,Duro,
A3564,Duro,
A3565,Duro,
A3566,Duro,
A3567,Duro,
A3568,Duro,
A3569,Duro,
A3570,Duro,
A3571,Duro,
A3572,Duro,
A3573,Duro,
A3574,Duro,
A3575,Duro,
A3576,Duro,
A3577,Duro,
A3578,Duro,
A3579,Duro,
A3580,Duro,
A3581,Duro,
A3582,Duro,
A3583,Duro,
A3584,Duro,
A3585,Duro,
A3586,Duro,
A3587,Duro,
A3588,Duro,
A3589,Duro,
A3590,Duro,
A3591,Duro,
A3592,Duro,
A3593,Duro,
A3594,Duro,
A3595,Duro,
A3596,Duro,
A3597,Duro,
A3598,Duro,
A3599,Duro,
A3600,Duro,
A3601,Duro,
A3602,Duro,
A3603,Duro,
A3604,Duro,
A3605,Duro,
A3606,Duro,
A3607,Duro,
A3608,Duro,
A3609,Duro,
A3610,Duro,
A3611,Duro,
A3612,Duro,
A3613,Deprimo,
A3614,Deprimo,
A3615,Deprimo,
A3616,Deprimo,
A3617,Deprimo,
A3618,Deprimo,
A3619,Deprimo,
A3620,Deprimo,
A3621,Deprimo,
A3622,Deprimo,
A3623,Defodio,
A3624,Defodio,
A3625,Defodio,
A3626,Defodio,
A3627,Defodio,
A3628,Defodio,
A3629,Defodio,
A3630,Defodio,
A3631,Defodio,
A3632,Defodio,
A3633,Defodio,
A3634,Defodio,
A3635,Defodio,
A3636,Defodio,
A3637,Defodio,
A3638,Defodio,
A3639,Defodio,
A3640,Defodio,
A3641,Defodio,
A3642,Defodio,
A3643,Defodio,
A3644,Defodio,
A3645,Defodio,
A3646,Defodio,
A3647,Defodio,
A3648,Defodio,
A3649,Defodio,
A3650,Defodio,
A3651,Defodio,
A3652,Defodio,
A3653,Defodio,
A3654,Defodio,
A3655,Defodio,
A3656,Defodio,
A3657,Defodio,
A3658,Defodio,
A3659,Defodio,
A3660,Defodio,
A3661,Defodio,
A3662,Defodio,
A3663,Defodio,
A3664,Defodio,
A3665,Defodio,
A3666,Defodio,
A3667,Defodio,
A3668,Defodio,
A3669,Defodio,
A3670,Defodio,
A3671,Defodio,
A3672,Defodio,
A3673,Defodio,
A3674,Defodio,
A3675,Defodio,
A3676,Defodio,
A3677,Defodio,
A3678,Defodio,
A3679,Defodio,
A3680,Defodio,
A3681,Defodio,
A3682,Defodio,
A3683,Defodio,
A3684,Defodio,
A3685,Defodio,
A3686,Defodio,
A3687,Defodio,
A3688,Defodio,
A3689,Defodio,
A3690,Defodio,
A3691,Defodio,
A3692,Defodio,
A3693,Defodio,
A3694,Defodio,
A3695,Defodio,
A3696,Defodio,Near Window
A3697,Defodio,Near Window
A3698,Defodio,Near Window
A3699,Defodio,Near Window
A3700,Defodio,
A3701,Defodio,
A3702,Defodio,
A3703,Defodio,
A3704,Defodio,
A3705,Defodio,
A3706,Defodio,
A3707,Defodio,
A3708,Defodio,
A3709,Defodio,
A3710,Defodio,
A3711,Defodio,
A3712,Defodio,
A3713,Defodio,
A3714,Defodio,
A3715,Defodio,
A3716,Defodio,
A3717,Defodio,
A3718,Defodio,
A3719,Defodio,
A3720,Defodio,
A3721,Defodio,
A3722,Defodio,
A3723,Defodio,
A3724,Defodio,
A3725,Defodio,
A3726,Defodio,
A3727,Defodio,
A3728,Defodio,
A3729,Defodio,
A3730,Defodio,
A3731,Defodio,
A3732,Defodio,
A3733,Defodio,
A3734,Defodio,
A3735,Defodio,
A3736,Defodio,
A3737,Defodio,
A3738,Defodio,
A3739,Defodio,
A3740,Defodio,
A3741,Defodio,
A3742,Defodio,
A3743,Defodio,
A3744,Defodio,
A3745,Defodio,
A3746,Defodio,
A3747,Defodio,
A3748,Defodio,
A3749,Defodio,
A3750,Defodio,
A3751,Defodio,
A3752,Defodio,
A3753,Defodio,
A3754,Defodio,
A3755,Defodio,
A3756,Defodio,
A3757,Defodio,Standing Desk
A3758,Defodio,
A3759,Defodio,
A3760,Defodio,
A3761,Defodio,
A3762,Defodio,
A3763,Defodio,
A3764,Defodio,
A3765,Defodio,
A3766,Defodio,
A3767,Defodio,
A3768,Aparecium,
A3769,Aparecium,
A3770,Aparecium,
A3771,Aparecium,
A3772,Aparecium,
A3773,Aparecium,
A3774,Aparecium,
A3775,Aparecium,
A3776,Aparecium,
A3777,Aparecium,
A3778,Aparecium,
A3779,Aparecium,
A3780,Aparecium,
A3781,Aparecium,
A3782,Aparecium,
A3783,Aparecium,
A3784,Aparecium,
A3785,Aparecium,
A3786,Aparecium,
A3787,Aparecium,
A3788,Aparecium,
A3789,Aparecium,
A3790,Aparecium,
A3791,Aparecium,
A3792,Aparecium,
A3793,Erecto,"Standing Desk, Reduced Light"
A3794,Evanesco,Reduced Light
A3795,Evanesco,
A3796,Expecto Patronum,Standing Desk
A3797,Expecto Patronum,
A3798,Avada Kedavra,
A3799,Avada Kedavra,
A3800,Avada Kedavra,
A3801,Avada Kedavra,
A3802,Avada Kedavra,
A3803,Avada Kedavra,
A3804,Avada Kedavra,
A3805,Avada Kedavra,
A3806,Avada Kedavra,
A3807,Avada Kedavra,
A3808,Avada Kedavra,
A3809,Avada Kedavra,
A3810,Avada Kedavra,
A3811,Avada Kedavra,
A3812,Avada Kedavra,
A3813,Avada Kedavra,
A3814,Avada Kedavra,
A3815,Avada Kedavra,
A3816,Avada Kedavra,
A3817,Avada Kedavra,
A3818,Unassigned,
A3819,Unassigned,
A3820,Unassigned,
A3821,Unassigned,
A3822,Unassigned,
A3823,Unassigned,
A3824,Unassigned,
A3825,Unassigned,
A3826,Unassigned,Reduced Light
A3827,Unassigned,Reduced Light
A3828,Unassigned,
A3829,Unassigned,
A3830,Unassigned,
A3831,Unassigned,
A3832,Unassigned,
A3833,Unassigned,
A3834,Unassigned,
A3835,Unassigned,
A3836,Unassigned,
A3837,Unassigned,
A3838,Unassigned,
A3839,Unassigned,
A3840,Unassigned,
A3841,Unassigned,
A3842,Unassigned,
A3843,Unassigned,
A3844,Unassigned,
A3845,Unassigned,
A3846,Unassigned,
A3847,Unassigned,
A3848,Unassigned,
A3849,Unassigned,
A3850,Unassigned,
A3851,Unassigned,
A3852,Unassigned,
A3853,Unassigned,
A3854,Unassigned,
A3855,Unassigned,
A3856,Unassigned,
A3857,Unassigned,
A3858,Unassigned,
A3859,Unassigned,
A3860,Unassigned,
A3861,Unassigned,
A3862,Unassigned,
A3863,Unassigned,
A3864,Unassigned,
A3865,Unassigned,
A3866,Unassigned,
A3867,Unassigned,
A3868,Unassigned,
A3869,Unassigned,
A3870,Unassigned,
A3871,Defodio,
A3872,Defodio,
A3873,Defodio,
A3874,Defodio,
A3875,Defodio,
A3876,Defodio,
A3877,Defodio,
A3878,Defodio,
A3879,Defodio,
A3880,Defodio,
A3881,Defodio,
A3882,Defodio,
A3883,Defodio,
A3884,Defodio,
A3885,Defodio,
A3886,Defodio,
A3887,Defodio,
A3888,Defodio,
A3889,Defodio,
A3890,Defodio,
A3891,Defodio,
A3892,Defodio,
A3893,Defodio,
A3894,Defodio,
A3895,Defodio,
A3896,Defodio,Near Window
A3897,Defodio,Near Window
A3898,Defodio,
A3899,Defodio,
A3900,Defodio,
A3901,Defodio,
A3902,Defodio,
A3903,Defodio,
A3904,Defodio,Standing Desk
A3905,Defodio,Standing Desk
A3906,Defodio,
A3907,Defodio,
A3908,Aparecium,
A3909,Aparecium,
A3910,Aparecium,
A3911,Aparecium,
A3912,Aparecium,
A3913,Aparecium,
A3914,Aparecium,
A3915,Aparecium,
A3916,Aparecium,
A3917,Aparecium,
A3918,Aparecium,
A3919,Aparecium,
A3920,Aparecium,
A3921,Aparecium,
A3922,Aparecium,
A3923,Aparecium,
A3924,Aparecium,
A3925,Aparecium,
A3926,Aparecium,
A3927,Aparecium,
A3928,Aparecium,
A3929,Aparecium,
A3930,Aparecium,
A3931,Aparecium,
A3932,Aparecium,
A3933,Erecto,Near Window
A3934,Evanesco,Near Window
A3935,Evanesco,Near Window
A3936,Expecto Patronum,Near Window
A3937,Expecto Patronum,
A3938,Avada Kedavra,
A3939,Avada Kedavra,
A3940,Avada Kedavra,
A3941,Avada Kedavra,
A3942,Avada Kedavra,
A3943,Avada Kedavra,
A3944,Avada Kedavra,
A3945,Avada Kedavra,
A3946,Avada Kedavra,
A3947,Avada Kedavra,
A3948,Avada Kedavra,
A3949,Avada Kedavra,
A3950,Avada Kedavra,
A3951,Avada Kedavra,
A3952,Avada Kedavra,
A3953,Avada Kedavra,
A3954,Avada Kedavra,
A3955,Avada Kedavra,
A3956,Avada Kedavra,
A3957,Avada Kedavra,
A3958,Unassigned,
A3959,Unassigned,
A3960,Unassigned,
A3961,Unassigned,
A3962,Unassigned,
A3963,Unassigned,
A3964,Unassigned,
A3965,Unassigned,
A3966,Unassigned,
A3967,Unassigned,
A3968,Unassigned,
A3969,Unassigned,
A3970,Unassigned,
A3971,Unassigned,
A3972,Unassigned,
A3973,Unassigned,
A3974,Unassigned,
A3975,Unassigned,
A3976,Unassigned,
A3977,Unassigned,
A3978,Unassigned,
A3979,Unassigned,
A3980,Unassigned,
A3981,Unassigned,
A3982,Unassigned,
A3983,Unassigned,
A3984,Unassigned,
A3985,Unassigned,
A3986,Unassigned,
A3987,Unassigned,
A3988,Unassigned,
A3989,Unassigned,Near Window
A3990,Unassigned,Near Window
A3991,Unassigned,"Near Window, Standing Desk"
A3992,Unassigned,Near Window
A3993,Unassigned,
A3994,Unassigned,
A3995,Unassigned,
A3996,Unassigned,
A3997,Unassigned,
A3998,Unassigned,
A3999,Unassigned,
A4000,Unassigned,
A4001,Unassigned,
A4002,Unassigned,
A4003,Unassigned,
A4004,Unassigned,
A4005,Unassigned,
A4006,Unassigned,
A4007,Unassigned,
A4008,Unassigned,
A4009,Unassigned,
A4010,Unassigned,
A4011,Unassigned,
A4012,Unassigned,
A4013,Unassigned,
A4014,Unassigned,
A4015,Unassigned,
A4016,Unassigned,
A4017,Unassigned,
A4018,Unassigned,
A4019,Unassigned,
A4020,Unassigned,
A4021,Unassigned,
A4022,Unassigned,
A4023,Unassigned,
A4024,Unassigned,
A4025,Unassigned,
A4026,Unassigned,
A4027,Unassigned,
A4028,Unassigned,
A4029,Unassigned,
A4030,Unassigned,
A4031,Unassigned,
A4032,Unassigned,
A4033,Unassigned,
A4034,Unassigned,
A4035,Unassigned,
A4036,Unassigned,
A4037,Unassigned,
A4038,Unassigned,
A4039,Unassigned,
A4040,Unassigned,
A4041,Unassigned,
A4042,Unassigned,Standing Desk
A4043,Unassigned,
A4044,Unassigned,
A4045,Unassigned,
A4046,Unassigned,
A4047,Unassigned,
A4048,Unassigned,
A4049,Unassigned,
A4050,Unassigned,
A4051,Unassigned,
A4052,Unassigned,
A4053,Unassigned,
A4054,Unassigned,
A4055,Unassigned,
A4056,Unassigned,
A4057,Unassigned,
A4058,Unassigned,
A4059,Unassigned,
A4060,Unassigned,
A4061,Unassigned,
A4062,Unassigned,
A4063,Unassigned,
A4064,Unassigned,
A4065,Unassigned,
A4066,Unassigned,
A4067,Unassigned,
A4068,Unassigned,
A4069,Unassigned,
A4070,Unassigned,
A4071,Unassigned,
A4072,Unassigned,
A4073,Unassigned,
A4074,Unassigned,
A4075,Unassigned,
A4076,Unassigned,
A4077,Unassigned,
A4078,Unassigned,
A4079,Unassigned,
A4080,Unassigned,
A4081,Unassigned,
A4082,Unassigned,
A4083,Unassigned,
A4084,Unassigned,
A4085,Unassigned,
A4086,Unassigned,
A4087,Unassigned,
A4088,Unassigned,
A4089,Unassigned,
A4090,Unassigned,
A4091,Unassigned,
A4092,Unassigned,
A4093,Unassigned,
A4094,Unassigned,
A4095,Unassigned,
A4096,Unassigned,
A4097,Unassigned,
A4098,Unassigned,
A4099,Unassigned,
A4100,Unassigned,
A4101,Unassigned,
A4102,Unassigned,
A4103,Unassigned,
A4104,Unassigned,
A4105,Unassigned,
A4106,Unassigned,
A4107,Unassigned,
A4108,Unassigned,
A4109,Unassigned,
A4110,Unassigned,
A4111,Unassigned,
A4112,Unassigned,
A4113,Unassigned,
A4114,Unassigned,
A4115,Unassigned,
A4116,Unassigned,
A4117,Unassigned,
A4118,Unassigned,
A4119,Unassigned,
A4120,Unassigned,
A4121,Unassigned,
A4122,Unassigned,
A4123,Unassigned,
A4124,Unassigned,
A4125,Unassigned,
A4126,Unassigned,
A4127,Unassigned,
A4128,Unassigned,
A4129,Unassigned,
A4130,Unassigned,
A4131,Unassigned,
A4132,Unassigned,
A4133,Unassigned,
A4134,Unassigned,
A4135,Unassigned,
A4136,Unassigned,
A4137,Unassigned,
A4138,Unassigned,
A4139,Unassigned,
A4140,Unassigned,
A4141,Unassigned,
A4142,Unassigned,
A4143,Unassigned,
A4144,Unassigned,
A4145,Unassigned,
A4146,Unassigned,
A4147,Unassigned,
A4148,Unassigned,
A4149,Unassigned,
A4150,Unassigned,
A4151,Unassigned,
A4152,Unassigned,
A4153,Unassigned,
A4154,Unassigned,
A4155,Unassigned,
A4156,Unassigned,
A4157,Unassigned,
A4158,Unassigned,
A4159,Unassigned,
A4160,Unassigned,
A4161,Unassigned,
A4162,Unassigned,
A4163,Unassigned,
A4164,Unassigned,
A4165,Unassigned,
A4166,Unassigned,
A4167,Unassigned,
A4168,Unassigned,
A4169,Unassigned,
A4170,Unassigned,
A4171,Unassigned,
A4172,Unassigned,
A4173,Unassigned,
A4174,Unassigned,
A4175,Unassigned,
A4176,Unassigned,
A4177,Unassigned,
A4178,Unassigned,
A4179,Unassigned,
A4180,Unassigned,
A4181,Unassigned,
A4182,Unassigned,
A4183,Unassigned,
A4184,Unassigned,
A4185,Unassigned,
A4186,Unassigned,
A4187,Unassigned,
A4188,Unassigned,
A4189,Unassigned,
A4190,Unassigned,
A4191,Unassigned,
A4192,Unassigned,
A4193,Unassigned,
A4194,Unassigned,
A4195,Unassigned,
A4196,Unassigned,
A4197,Unassigned,
A4198,Unassigned,
A4199,Unassigned,
A4200,Unassigned,
A4201,Unassigned,
A4202,Unassigned,
A4203,Unassigned,
A4204,Unassigned,
A4205,Unassigned,
A4206,Unassigned,
A4207,Unassigned,
A4208,Unassigned,
A4209,Unassigned,
A4210,Unassigned,
A4211,Unassigned,
A4212,Unassigned,
A4213,Unassigned,
A4214,Unassigned,
A4215,Unassigned,
A4216,Unassigned,Near Window
A4217,Unassigned,
A4218,Unassigned,
A4219,Unassigned,
A4220,Unassigned,
A4221,Unassigned,
A4222,Unassigned,
A4223,Unassigned,
A4224,Unassigned,
A4225,Unassigned,
A4226,Unassigned,
A4227,Unassigned,
A4228,Unassigned,
A4229,Unassigned,
A4230,Unassigned,
A4231,Unassigned,
A4232,Unassigned,
A4233,Unassigned,
A4234,Unassigned,
A4235,Unassigned,
A4236,Unassigned,
A4237,Unassigned,
A4238,Unassigned,
A4239,Unassigned,
A4240,Unassigned,
A4241,Unassigned,
A4242,Unassigned,
A4243,Unassigned,
A4244,Unassigned,
A4245,Unassigned,
A4246,Unassigned,
A4247,Unassigned,
A4248,Unassigned,
A4249,Unassigned,
A4250,Unassigned,
A4251,Unassigned,
A4252,Unassigned,Reduced Light
A4253,Unassigned,Reduced Light
A4254,Unassigned,
A4255,Unassigned,
A4256,Unassigned,
A4257,Unassigned,
A4258,Unassigned,
A4259,Unassigned,
A4260,Unassigned,
A4261,Unassigned,
A4262,Unassigned,
A4263,Unassigned,
A4264,Unassigned,
A4265,Unassigned,
A4266,Unassigned,
A4267,Unassigned,
A4268,Unassigned,
A4269,Unassigned,
A4270,Unassigned,
A4271,Unassigned,
A4272,Unassigned,
A4273,Unassigned,
A4274,Unassigned,
A4275,Unassigned,
A4276,Unassigned,
A4277,Unassigned,
A4278,Unassigned,
A4279,Unassigned,
A4280,Unassigned,
A4281,Unassigned,
A4282,Unassigned,
A4283,Unassigned,
A4284,Unassigned,
A4285,Unassigned,
A4286,Unassigned,
A4287,Unassigned,
A4288,Unassigned,
A4289,Unassigned,
A4290,Unassigned,
A4291,Unassigned,
A4292,Unassigned,
A4293,Unassigned,
A4294,Unassigned,
A4295,Unassigned,
A4296,Unassigned,
A4297,Unassigned,
A4298,Unassigned,
A4299,Unassigned,
A4300,Unassigned,
A4301,Unassigned,
A4302,Unassigned,
A4303,Unassigned,
A4304,Unassigned,
A4305,Unassigned,
A4306,Unassigned,
A4307,Unassigned,
A4308,Unassigned,
A4309,Unassigned,
A4310,Unassigned,
A4311,Unassigned,
A4312,Unassigned,
A4313,Unassigned,
A4314,Unassigned,
A4315,Unassigned,Near Window
A4316,Unassigned,Near Window
A4317,Unassigned,Near Window
A4318,Unassigned,Near Window
A4319,Unassigned,Near Window
A4320,Unassigned,
A4321,Unassigned,
A4322,Unassigned,
A4323,Unassigned,
A4324,Unassigned,
A4325,Unassigned,
A4326,Unassigned,
A4327,Unassigned,
A4328,Unassigned,
A4329,Unassigned,
A4330,Unassigned,
A4331,Unassigned,
A4332,Unassigned,
A4333,Unassigned,
A4334,Unassigned,
A4335,Unassigned,
A4336,Unassigned,
A4337,Unassigned,
A4338,Unassigned,
A4339,Unassigned,
A4340,Unassigned,
A4341,Unassigned,
A4342,Unassigned,
A4343,Unassigned,
A4344,Unassigned,
A4345,Unassigned,
A4346,Unassigned,
A4347,Unassigned,
A4348,Unassigned,
A4349,Unassigned,
A4350,Unassigned,
A4351,Unassigned,
A4352,Unassigned,
A4353,Unassigned,
A4354,Unassigned,
A4355,Unassigned,
A4356,Unassigned,
A4357,Unassigned,
A4358,Unassigned,
A4359,Unassigned,
A4360,Unassigned,
A4361,Unassigned,
A4362,Unassigned,
A4363,Unassigned,
A4364,Unassigned,
A4365,Unassigned,
A4366,Unassigned,
A4367,Unassigned,
A4368,Unassigned,
A4369,Unassigned,
A4370,Unassigned,
A4371,Unassigned,
A4372,Unassigned,
A4373,Unassigned,
A4374,Unassigned,
A4375,Unassigned,
A4376,Unassigned,
A4377,Unassigned,Near Window
A4378,Unassigned,Near Window
A4379,Unassigned,Near Window
A4380,Unassigned,Near Window
